module_id,function_id,parameter_name,python_type,canonical_unit,display_unit,min_value,max_value,is_nullable,default_value,physical_meaning
groundhog.general.agsconversion,AGSConverter,path,float,-,-,,,False,,Path
groundhog.general.agsconversion,AGSConverter,encoding,str,-,-,,,False,utf8,Encoding
groundhog.general.agsconversion,AGSConverter,errors,str,-,-,,,False,replace,Errors
groundhog.general.agsconversion,AGSConverter,removedoublequotes,bool,-,-,,,False,True,Removedoublequotes
groundhog.general.agsconversion,AGSConverter,removeheadinglinebreaks,bool,-,-,,,False,True,Removeheadinglinebreaks
groundhog.general.agsconversion,AGSConverter,agsformat,str,-,-,,,False,4,Agsformat
groundhog.deepfoundations.axialcapacity.endbearing,API_unit_end_bearing_clay,undrained_shear_strength,float,:math:`kPa`,:math:`kPa`,0.0,1.0,False,,Undrained shear strenght at the pile tip (:math:`S_u`) [:math:`kPa`]  - Suggested range: 0.0<=undrained_shear_strength<=400.0
groundhog.deepfoundations.axialcapacity.endbearing,API_unit_end_bearing_clay,N_c,float,:math:`-`,:math:`-`,,,False,9.0,"Bearing capacity factor (:math:`N_c`) [:math:`-`] (optional, default=9.0) - Suggested range: 7.0<=N_c<=12.0  .. math::     q = N_c \cdot S_u"
groundhog.deepfoundations.axialcapacity.endbearing,API_unit_end_bearing_sand_rp2geo,api_relativedensity,float,:math:`-`,:math:`-`,0.0,50.0,False,,"Relative density of the sand (:math:`D_r`) [:math:`-`] Options: (""Very loose"",""Loose"",""Medium dense"",""Dense"",""Very dense""), regex: None"
groundhog.deepfoundations.axialcapacity.endbearing,API_unit_end_bearing_sand_rp2geo,api_soildescription,float,-,-,,,False,,Api Soildescription
groundhog.deepfoundations.axialcapacity.endbearing,API_unit_end_bearing_sand_rp2geo,sigma_vo_eff,float,:math:`kPa`,:math:`kPa`,,,False,,"In-situ vertical effective stress at the pile tip (:math:`p'_{o,tip}`) [:math:`kPa`]  - Suggested range: 0.0<=vertical_effective_stress  .. math::     q = N_q \cdot p'_{o,tip}"
groundhog.deepfoundations.axialcapacity.endbearing,API_unit_end_bearing_sand_rp2geo,qb_limit,bool,-,-,,,False,False,Qb Limit
groundhog.deepfoundations.axialcapacity.skinfriction,API_unit_shaft_friction_clay,undrained_shear_strength,float,:math:`kPa`,:math:`kPa`,0.0,1.0,False,,Undrained shear strength (:math:`S_u`) [:math:`kPa`]  - Suggested range: 0.0<=undrained_shear_strength<=400.0
groundhog.deepfoundations.axialcapacity.skinfriction,API_unit_shaft_friction_clay,sigma_vo_eff,float,:math:`kPa`,:math:`kPa`,,,False,,In-situ vertical effective stress (:math:`p'_o(z)`) [:math:`kPa`]  - Suggested range: 0.0<=vertical_effective_stress  .. math::     f(z) = \alpha \cdot S_u      \alpha = 0.5 \cdot \psi^{-0.5} & \quad \text{for } \psi \leq 1.0      \alpha = 0.5 \cdot \psi^{-0.25} & \quad \text{for } \psi > 1.0      \psi = \frac{S_u}{p'_o(z)}
groundhog.deepfoundations.axialcapacity.skinfriction,API_unit_shaft_friction_sand_rp2geo,api_relativedensity,float,:math:`-`,:math:`-`,0.0,50.0,False,,"Relative density of the sand (:math:`D_r`) [:math:`-`] Options: (""Very loose"",""Loose"",""Medium dense"",""Dense"",""Very dense""), regex: None"
groundhog.deepfoundations.axialcapacity.skinfriction,API_unit_shaft_friction_sand_rp2geo,api_soildescription,float,:math:`-`,:math:`-`,,,False,,"Description of the soil type (:math:`-`) [:math:`-`] Options: (""Sand"",""Sand-silt""), regex: None"
groundhog.deepfoundations.axialcapacity.skinfriction,API_unit_shaft_friction_sand_rp2geo,sigma_vo_eff,float,:math:`kPa`,:math:`kPa`,,,False,,In-situ vertical effective stress (:math:`p'_o`) [:math:`kPa`]  - Suggested range: 0.0<=vertical_effective_stress  .. math::     f(z) = \beta \cdot p'_o(z)
groundhog.deepfoundations.axialcapacity.skinfriction,API_unit_shaft_friction_sand_rp2geo,fs_limit,bool,-,-,,,False,False,Fs Limit
groundhog.deepfoundations.axialcapacity.skinfriction,API_unit_shaft_friction_sand_rp2geo,tension_modifier,float,-,-,,,False,1.0,Tension Modifier
groundhog.deepfoundations.axialcapacity.axcap,AxCapCalculation,soilprofile,float,-,-,,,False,,Soilprofile
groundhog.general.soilprofile,CalculationGrid,soilprofile,float,-,-,,,False,,Soilprofile
groundhog.general.soilprofile,CalculationGrid,dz,float,-,-,0.0,10000.0,False,,Dz
groundhog.general.soilprofile,CalculationGrid,custom_nodes,float,-,-,,,True,,Custom Nodes
groundhog.general.soilprofile,CalculationGrid,include_layertransitions,bool,-,-,,,False,True,Include Layertransitions
groundhog.consolidation.dissipation.onedimensionalconsolidation,ConsolidationCalculation,height,float,-,-,0.0,10000.0,False,,Height
groundhog.consolidation.dissipation.onedimensionalconsolidation,ConsolidationCalculation,total_time,float,-,-,,,False,,Total Time
groundhog.consolidation.dissipation.onedimensionalconsolidation,ConsolidationCalculation,no_nodes,float,-,-,,,False,,No Nodes
groundhog.deepfoundations.axialcapacity.debeer,DeBeerCalculation,depth,float,-,-,0.0,10000.0,False,,Depth
groundhog.deepfoundations.axialcapacity.debeer,DeBeerCalculation,qc,float,-,-,0.0,100000000.0,False,,Qc
groundhog.deepfoundations.axialcapacity.debeer,DeBeerCalculation,diameter_pile,float,-,-,0.0,10000.0,False,,Diameter Pile
groundhog.deepfoundations.axialcapacity.debeer,DeBeerCalculation,diameter_cone,float,-,-,0.0,10000.0,False,0.0357,Diameter Cone
groundhog.constitutivemodels.cohesionless,HardeningSoil,friction_angle,float,-,-,0.0,60.0,False,,Friction Angle
groundhog.constitutivemodels.cohesionless,HardeningSoil,cohesion,float,-,-,0.0,100000000.0,False,,Cohesion
groundhog.constitutivemodels.cohesionless,HardeningSoil,Rf,float,-,-,,,False,0.9,Rf
insitutests.pcpt_processing,InsituTestProcessing,title,float,-,-,,,True,,Title
insitutests.pcpt_processing,InsituTestProcessing,waterunitweight,float,-,-,0.0,50.0,False,10.25,Waterunitweight
groundhog.deepfoundations.axialcapacity.koppejan,KoppejanCalculation,depth,float,-,-,0.0,10000.0,False,,Depth
groundhog.deepfoundations.axialcapacity.koppejan,KoppejanCalculation,qc,float,-,-,0.0,100000000.0,False,,Qc
groundhog.deepfoundations.axialcapacity.koppejan,KoppejanCalculation,diameter,float,-,-,0.0,10000.0,False,,Diameter
groundhog.deepfoundations.axialcapacity.koppejan,KoppejanCalculation,penetration,float,-,-,0.0,10000.0,False,,Penetration
groundhog.general.plotting,LogPlot,soilprofile,float,-,-,,,False,,Soilprofile
groundhog.general.plotting,LogPlot,secondaryprofile,float,-,-,,,True,,Secondaryprofile
groundhog.general.plotting,LogPlot,no_panels,int,-,-,,,False,1,No Panels
groundhog.general.plotting,LogPlot,logwidth,float,-,-,0.0,10000.0,False,0.05,Logwidth
groundhog.general.plotting,LogPlot,fillcolordict,dict,-,-,,,False,"{'Sand': 'yellow', 'Clay': 'brown', 'Rock': 'grey'}",Fillcolordict
groundhog.general.plotting,LogPlot,soiltypelegend,bool,-,-,,,False,True,Soiltypelegend
groundhog.general.plotting,LogPlot,soiltypecolumn,str,-,-,,,False,Soil type,Soiltypecolumn
groundhog.general.plotting,LogPlot,line_width,int,-,-,0.0,10000.0,False,1,Line Width
groundhog.general.plotting,LogPlotMatplotlib,soilprofile,float,-,-,,,False,,Soilprofile
groundhog.general.plotting,LogPlotMatplotlib,secondaryprofile,float,-,-,,,True,,Secondaryprofile
groundhog.general.plotting,LogPlotMatplotlib,no_panels,int,-,-,,,False,1,No Panels
groundhog.general.plotting,LogPlotMatplotlib,logwidth,float,-,-,0.0,10000.0,False,0.05,Logwidth
groundhog.general.plotting,LogPlotMatplotlib,fillcolordict,dict,-,-,,,False,"{'Sand': 'yellow', 'Clay': 'brown', 'Rock': 'grey', 'Silt': 'green'}",Fillcolordict
groundhog.general.plotting,LogPlotMatplotlib,hatchpatterns,dict,-,-,,,False,"{'Sand': '...', 'Clay': '////', 'Rock': 'oo', 'Silt': '|||'}",Hatchpatterns
groundhog.general.plotting,LogPlotMatplotlib,soiltypelegend,bool,-,-,,,False,True,Soiltypelegend
groundhog.general.plotting,LogPlotMatplotlib,soiltypecolumn,str,-,-,,,False,Soil type,Soiltypecolumn
groundhog.general.plotting,LogPlotMatplotlib,edgecolor,str,-,-,,,False,black,Edgecolor
groundhog.general.plotting,LogPlotMatplotlib,figwidth,int,-,-,0.0,10000.0,False,10,Figwidth
groundhog.general.plotting,LogPlotMatplotlib,figheight,int,-,-,0.0,10000.0,False,6,Figheight
groundhog.general.plotting,LogPlotMatplotlib,plot_layer_transitions,bool,-,-,,,False,True,Plot Layer Transitions
groundhog.general.plotting,LogPlotMatplotlib,showgrid,bool,-,-,,,False,True,Showgrid
insitutests.pcpt_processing,PCPTProcessing,title,float,-,-,,,True,,Title
insitutests.pcpt_processing,PCPTProcessing,waterunitweight,float,-,-,0.0,50.0,False,10.25,Waterunitweight
labtesting.indextests,PSDChart,plot_title,string,-,-,,,True,,Plot Title
labtesting.indextests,PSDChart,marginsettings,json,-,-,,,False,"{'l': 0, 'r': 0, 'b': 100, 't': 100, 'pad': 0}",Marginsettings
labtesting.indextests,PSDChart,legendsettings,json,-,-,,,False,"{'x': 0.1, 'y': 0.9}",Legendsettings
labtesting.indextests,PlasticityChart,plot_height,float,-,-,0.0,10000.0,False,500,Plot Height
labtesting.indextests,PlasticityChart,plot_width,float,-,-,0.0,10000.0,False,800,Plot Width
labtesting.indextests,PlasticityChart,plot_title,string,-,-,,,True,,Plot Title
groundhog.soildynamics.cptliquefaction,Qtn_cs_boulanger_idriss_2014,sigma_vo_eff,float,:math:`kPa`,:math:`kPa`,,,False,,Effective vertical stress at the depth of interest (:math:`\sigma_v^{\prime}`) [:math:`kPa`]                      - Suggested range: :math:`\sigma_v^{\prime} \geq 0.0`
groundhog.soildynamics.cptliquefaction,Qtn_cs_boulanger_idriss_2014,qc,float,:math:`MPa`,:math:`MPa`,0.0,100000000.0,False,,Total cone tip resistance (:math:`q_c`) [:math:`MPa`]            - Suggested range: :math:`q_c \geq 0.0`
groundhog.soildynamics.cptliquefaction,Qtn_cs_boulanger_idriss_2014,ic,float,:math:`-`,:math:`-`,,,False,,Soil behavior type index (:math:`I_c`) [:math:`-`]            - Suggested range: :math:`1.0 \leq I_c \leq 3.5`
groundhog.soildynamics.cptliquefaction,Qtn_cs_boulanger_idriss_2014,C_FC,int,:math:`-`,:math:`-`,,,False,0,"Fitting parameter for fines content estimation (:math:`C_{FC}`) [:math:`-`]              - Suggested range: Typically between -0.2 and 0.2 (optional, default=0)  .. math::     FC = \min \left( \max \left( 80 \cdot (I_c + C_{FC}) - 137, 0 \right), 100 \right)      C_N = \min \left( \left( \frac{P_a}{\sigma_v^{\prime}} \right)^m, 1.7 \right)      Q_{tn} = C_N \cdot \frac{q_c}{0.001 P_a}      \Delta Q_{tn} = \left( 11.9 + \frac{Q_{tn}}{14.6} \right) \cdot     \exp \left( 1.63 - \frac{9.7}{FC + 2} - \left( \frac{15.7}{FC + 2} \right)^2 \right)      Q_{tn,cs} = Q_{tn} + \Delta Q_{tn}"
groundhog.soildynamics.cptliquefaction,Qtn_cs_boulanger_idriss_2014,atmospheric_pressure,int,:math:`kPa`,:math:`kPa`,0.0,100000000.0,False,100,"Reference atmospheric pressure (:math:`P_a`) [:math:`kPa`]                              - Suggested range: :math:`P_a > 0.0` (optional, default=100)"
groundhog.soildynamics.cptliquefaction,Qtn_cs_idriss_boulanger_2008,sigma_vo_eff,float,:math:`kPa`,:math:`kPa`,,,False,,Effective vertical stress at the depth of interest (:math:`\sigma_v^{\prime}`) [:math:`kPa`] - Suggested range: sigma_vo_eff > 0.0
groundhog.soildynamics.cptliquefaction,Qtn_cs_idriss_boulanger_2008,qc,float,:math:`MPa`,:math:`MPa`,0.0,100000000.0,False,,Total cone tip resistance (:math:`q_c`) [:math:`MPa`] - Suggested range: qc >= 0.0
groundhog.soildynamics.cptliquefaction,Qtn_cs_idriss_boulanger_2008,ic,float,:math:`-`,:math:`-`,,,False,,Soil behavior type index (:math:`I_c`) [:math:`-`] - Suggested range: 1.0 <= ic <= 3.5
groundhog.soildynamics.cptliquefaction,Qtn_cs_idriss_boulanger_2008,atmospheric_pressure,int,:math:`kPa`,:math:`kPa`,0.0,100000000.0,False,100,"Reference atmospheric pressure (:math:`P_a`) [:math:`kPa`] - Suggested range: atmospheric_pressure > 0.0 (optional, default=100.0)  .. math::     q_{c1N} = \max \left( \min \left( \frac{q_c}{0.001 P_a}, 254 \right), 21 \right)      m = 1.338 - 0.249 \cdot (q_{c1N})^{0.264}      C_N = \min \left( \left( \frac{P_a}{\sigma_v^{\prime}} \right)^m, 1.7 \right)      FC = 2.8 \cdot I_c^{2.6}      \Delta q_{c1N} = (5.4 + q_{c1N} / 16) \cdot \exp \left( 1.63 + \frac{9.7}{FC + 0.01} - \left( \frac{15.7}{FC + 0.01} \right)^2 \right)      Q_{tn,cs} = q_{c1N} + \Delta q_{c1N}"
groundhog.soildynamics.cptliquefaction,Qtn_cs_robertson_cabal_2022,ic,float,:math:`-`,:math:`-`,,,False,,Soil behavior type index (:math:`I_c`) [:math:`-`] - Suggested range: 1.0 <= ic <= 3.5
groundhog.soildynamics.cptliquefaction,Qtn_cs_robertson_cabal_2022,Fr,float,:math:`-`,:math:`-`,,,False,,Friction ratio (:math:`F_r`) [:math:`-`] - Suggested range: 0.0 <= Fr <= 10.0
groundhog.soildynamics.cptliquefaction,Qtn_cs_robertson_cabal_2022,qt,float,:math:`MPa`,:math:`MPa`,,,False,,Total cone tip resistance (:math:`q_t`) [:math:`MPa`] - Suggested range: qt >= 0.0
groundhog.soildynamics.cptliquefaction,Qtn_cs_robertson_cabal_2022,sigma_vo_eff,float,:math:`kPa`,:math:`kPa`,,,False,,Effective vertical stress at the depth of interest (:math:`\sigma_v^{\prime}`) [:math:`kPa`] - Suggested range: sigma_vo_eff >= 0.0
groundhog.soildynamics.cptliquefaction,Qtn_cs_robertson_cabal_2022,sigma_vo,float,:math:`kPa`,:math:`kPa`,,,False,,Total vertical stress at the depth of interest (:math:`\sigma_v`) [:math:`kPa`] - Suggested range: sigma_vo >= 0.0
groundhog.soildynamics.cptliquefaction,Qtn_cs_robertson_cabal_2022,atmospheric_pressure,int,:math:`kPa`,:math:`kPa`,0.0,100000000.0,False,100,"Reference atmospheric pressure (:math:`P_a`) [:math:`kPa`] - Suggested range: atmospheric_pressure > 0.0 (optional, default=100.0)  .. math::     K_c = \begin{cases}     1.0 & \text{if } I_c \leq 1.7 \\     1.0 & \text{if } 1.7 < I_c < 2.36 \text{ and } F_r < 0.5 \\     15 - \frac{14}{1 + \left( \frac{I_c}{2.95} \right)^{11}} & \text{otherwise}     \end{cases}      n = \min \left( 1, 0.381 \cdot I_c + 0.05 \cdot \left( \frac{\sigma_v^{\prime}}{P_a} \right) - 0.15 \right)      Q_{tn} = \left( \frac{q_t - \sigma_v}{P_a} \right) \cdot \left( \frac{P_a}{\sigma_v^{\prime}} \right)^n      Q_{tn,cs} = K_c \cdot Q_{tn}"
groundhog.soildynamics.cptliquefaction,Qtn_cs_robertson_wride_1998,sigma_vo,float,:math:`kPa`,:math:`kPa`,,,False,,Total vertical stress at the depth of interest (:math:`\sigma_v`) [:math:`kPa`] - Suggested range: sigma_vo > 0.0
groundhog.soildynamics.cptliquefaction,Qtn_cs_robertson_wride_1998,ic,float,:math:`-`,:math:`-`,,,False,,Soil behavior type index (:math:`I_c`) [:math:`-`] - Suggested range: 1.0 <= ic <= 3.5
groundhog.soildynamics.cptliquefaction,Qtn_cs_robertson_wride_1998,qc,float,:math:`MPa`,:math:`MPa`,0.0,100000000.0,False,,Total cone tip resistance (:math:`q_c`) [:math:`MPa`] - Suggested range: qc >= 0.0
groundhog.soildynamics.cptliquefaction,Qtn_cs_robertson_wride_1998,Fr,float,:math:`-`,:math:`-`,,,False,,Normalized friction ratio (:math:`F_r`) as a fraction [:math:`-`] - Suggested range: 0.0 <= Fr <= 10.0
groundhog.soildynamics.cptliquefaction,Qtn_cs_robertson_wride_1998,atmospheric_pressure,int,:math:`kPa`,:math:`kPa`,0.0,100000000.0,False,100,"Reference atmospheric pressure (:math:`P_a`) [:math:`kPa`] - Suggested range: atmospheric_pressure > 0.0 (optional, default=100.0)  .. math::     C_Q = \min \left( \left( \frac{P_a}{\sigma_v} \right)^{0.5}, 2 \right)      q_{c1N} = \frac{q_c}{0.001 P_a} \cdot C_Q      K_c = \begin{cases}     1.0 & \text{if } I_c \leq 1.64 \\     1.0 & \text{if } I_c < 2.36 \text{ and } F_r < 0.5 \\     -0.403 I_c^4 + 5.581 I_c^3 - 21.63 I_c^2 + 33.75 I_c - 17.88 & \text{otherwise}     \end{cases}      Q_{tn,cs} = K_c \cdot q_{c1N}"
insitutests.spt_processing,SPTProcessing,title,float,-,-,,,True,,Title
insitutests.spt_processing,SPTProcessing,waterunitweight,float,-,-,0.0,50.0,False,10,Waterunitweight
groundhog.shallowfoundations.settlement,SettlementCalculation,soilprofile,float,-,-,,,False,,Soilprofile
groundhog.shallowfoundations.capacity,ShallowFoundationCapacity,title,float,-,-,,,False,,Title
groundhog.shallowfoundations.capacity,ShallowFoundationCapacityDrained,title,float,-,-,,,False,,Title
groundhog.shallowfoundations.capacity,ShallowFoundationCapacityUndrained,title,float,-,-,,,False,,Title
groundhog.general.validation,Validator,validationspec,float,-,-,,,False,,Validationspec
groundhog.general.validation,Validator,outputonerrorspec,float,-,-,,,False,,Outputonerrorspec
correlations.general,acousticimpedance_bulkunitweight_chen,bulkunitweight,float,kN/m3,kN/m3,5.0,30.0,True,,"Bulk (total) unit weight (<span class=""math-inline"">\gamma</span>) [<span class=""math-inline"">kN/m3</span>] - Suggested range: 12.0 <= bulkunitweight <= 22.0"
correlations.general,acousticimpedance_bulkunitweight_chen,specific_gravity,float,-,-,,,False,2.65,"Specific gravity of the soil (<span class=""math-inline"">G_s</span>) [<span class=""math-inline"">-</span>] - Suggested range: 1.0 <= specific_gravity <= 3.0 (optional, default= 2.65)"
correlations.general,acousticimpedance_bulkunitweight_chen,saturation,float,-,-,0.0,1.0,False,1.0,"Saturation of the soil (fully saturated for offshore soils) (<span class=""math-inline"">S</span>) [<span class=""math-inline"">-</span>] - Suggested range: 0.0 <= saturation <= 1.0 (optional, default= 1.0)"
correlations.general,acousticimpedance_bulkunitweight_chen,gamma_w,float,kN/m3,kN/m3,5.0,30.0,False,10.0,"Unit weight of water (<span class=""math-inline"">\gamma_w</span>) [<span class=""math-inline"">kN/m3</span>] - Suggested range: 9.5 <= gamma_w <= 10.5 (optional, default= 10.0)"
correlations.general,acousticimpedance_bulkunitweight_chen,calibration_factor_4,float,-,-,,,False,0.0001315,"Calibration factor on the fourth order term (:math:``) [<span class=""math-inline"">-</span>] (optional, default= 0.0001315)"
correlations.general,acousticimpedance_bulkunitweight_chen,calibration_factor_3,float,-,-,,,False,-0.03776,"Calibration factor on the third order term (:math:``) [<span class=""math-inline"">-</span>] (optional, default= -0.03776)"
correlations.general,acousticimpedance_bulkunitweight_chen,calibration_factor_2,float,-,-,,,False,4.201,"Calibration factor on the second order term (:math:``) [<span class=""math-inline"">-</span>] (optional, default= 4.201)"
correlations.general,acousticimpedance_bulkunitweight_chen,calibration_factor_1,float,-,-,,,False,-245.0,"Calibration factor on the first order term (:math:``) [<span class=""math-inline"">-</span>] (optional, default= -245.0)"
correlations.general,acousticimpedance_bulkunitweight_chen,calibration_factor_0,float,-,-,,,False,8603.0,"Calibration factor on the zero order term (:math:``) [<span class=""math-inline"">-</span>] (optional, default= 8603.0)"
insitutests.pcpt_correlations,behaviourindex_pcpt_nonnormalised,qc,float,MPa,MPa,0.0,100000000.0,True,,"Cone tip resistance (<span class=""math-inline"">q_c</span>) [<span class=""math-inline"">MPa</span>] - Suggested range: 0.0 <= qc <= 100.0"
insitutests.pcpt_correlations,behaviourindex_pcpt_nonnormalised,Rf,float,pct,pct,,,True,,"Friction rato (<span class=""math-inline"">R_f</span>) [<span class=""math-inline"">pct</span>] - Suggested range: 0.1 <= Rf <= 10.0"
insitutests.pcpt_correlations,behaviourindex_pcpt_nonnormalised,atmospheric_pressure,float,kPa,kPa,0.0,100000000.0,False,100.0,"Atmospheric pressure (<span class=""math-inline"">P_a</span>) [<span class=""math-inline"">kPa</span>] - Suggested range: 90.0 <= atmospheric_pressure <= 110.0 (optional, default= 100.0)"
insitutests.pcpt_correlations,behaviourindex_pcpt_robertsonwride,qt,float,MPa,MPa,,,True,,"Corrected cone resistance (<span class=""math-inline"">q_t</span>) [<span class=""math-inline"">MPa</span>] - Suggested range: 0.0 <= qt <= 120.0"
insitutests.pcpt_correlations,behaviourindex_pcpt_robertsonwride,fs,float,MPa,MPa,,,True,,"Sleeve friction (<span class=""math-inline"">f_s</span>) [<span class=""math-inline"">MPa</span>] - Suggested range: fs >= 0.0"
insitutests.pcpt_correlations,behaviourindex_pcpt_robertsonwride,sigma_vo,float,kPa,kPa,,,True,,"Total vertical stress (<span class=""math-inline"">\sigma_{vo}</span>) [<span class=""math-inline"">kPa</span>] - Suggested range: sigma_vo >= 0.0"
insitutests.pcpt_correlations,behaviourindex_pcpt_robertsonwride,sigma_vo_eff,float,kPa,kPa,,,True,,"Vertical effective stress (<span class=""math-inline"">\sigma_{vo}^{\prime}</span>) [<span class=""math-inline"">kPa</span>] - Suggested range: sigma_vo_eff >= 9.0"
insitutests.pcpt_correlations,behaviourindex_pcpt_robertsonwride,atmospheric_pressure,float,kPa,kPa,0.0,100000000.0,False,100.0,"Atmospheric pressure (used for normalisation) (<span class=""math-inline"">P_a</span>) [<span class=""math-inline"">kPa</span>] (optional, default= 100.0)"
insitutests.pcpt_correlations,behaviourindex_pcpt_robertsonwride,ic_min,float,-,-,,,False,1.0,"Minimum value for soil behaviour type index used in the optimisation routine (<span class=""math-inline"">I_{c,min}</span>) [<span class=""math-inline"">-</span>] (optional, default= 1.0)"
insitutests.pcpt_correlations,behaviourindex_pcpt_robertsonwride,ic_max,float,-,-,,,False,4.0,"Maximum value for soil behaviour type index used in the optimisation routine (<span class=""math-inline"">I_{c,max}</span>) [<span class=""math-inline"">-</span>] (optional, default= 4.0)"
insitutests.pcpt_correlations,behaviourindex_pcpt_robertsonwride,zhang_multiplier_1,float,-,-,0.0,10000.0,False,0.381,"First multiplier in the equation for exponent n (:math:``) [<span class=""math-inline"">-</span>] (optional, default= 0.381)"
insitutests.pcpt_correlations,behaviourindex_pcpt_robertsonwride,zhang_multiplier_2,float,-,-,0.0,10000.0,False,0.05,"Second multiplier in the equation for exponent n (:math:``) [<span class=""math-inline"">-</span>] (optional, default= 0.05)"
insitutests.pcpt_correlations,behaviourindex_pcpt_robertsonwride,zhang_subtraction,float,-,-,0.0,10000.0,False,0.15,"Term subtracted in the equation for exponent n (:math:``) [<span class=""math-inline"">-</span>] (optional, default= 0.15)"
insitutests.pcpt_correlations,behaviourindex_pcpt_robertsonwride,robertsonwride_coefficient1,float,-,-,,,False,3.47,"First coefficient in the equation by Robertson and Wride (:math:``) [<span class=""math-inline"">-</span>] (optional, default= 3.47)"
insitutests.pcpt_correlations,behaviourindex_pcpt_robertsonwride,robertsonwride_coefficient2,float,-,-,,,False,1.22,"Second coefficient in the equation by Robertson and Wride (:math:``) [<span class=""math-inline"">-</span>] (optional, default= 1.22)"
insitutests.pcpt_correlations,behaviourindex_pcpt_robertsonwride,cn_capping,float,-,-,,,False,1.7,Cn Capping
classification.phaserelations,bulkunitweight,saturation,float,-,-,0.0,1.0,True,,"Saturation of the sample, ratio of volume of water to volume of voids (<span class=""math-inline"">S</span>) [<span class=""math-inline"">-</span>] - Suggested range: 0.0 <= saturation <= 1.0"
classification.phaserelations,bulkunitweight,voidratio,float,-,-,0.05,5.0,True,,"Void ratio, ratio of volume of voids to volume of solids (<span class=""math-inline"">e</span>) [<span class=""math-inline"">-</span>] - Suggested range: 0.0 <= voidratio <= 4.0"
classification.phaserelations,bulkunitweight,specific_gravity,float,-,-,,,False,2.65,"Specific gravity of solid particles (<span class=""math-inline"">G_s</span>) [<span class=""math-inline"">-</span>] - Suggested range: 1.0 <= specific_gravity <= 3.0 (optional, default= 2.65)"
classification.phaserelations,bulkunitweight,unitweight_water,float,kN/m3,kN/m3,5.0,30.0,False,10.0,"Unit weight of water (<span class=""math-inline"">\gamma_w</span>) [<span class=""math-inline"">kN/m3</span>] - Suggested range: 9.0 <= unitweight_water <= 11.0 (optional, default= 10.0)"
classification.phaserelations,bulkunitweight_dryunitweight,dryunitweight,float,kN/m3,kN/m3,5.0,30.0,True,,"Dry unit weight, ratio of weight of solids to total volume (<span class=""math-inline"">\gamma_d</span>) [<span class=""math-inline"">kN/m3</span>] - Suggested range: 1.0 <= dryunitweight <= 15.0"
classification.phaserelations,bulkunitweight_dryunitweight,watercontent,float,-,-,0.0,500.0,True,,"Water content, ratio of weight of water to weight of solids (<span class=""math-inline"">w</span>) [<span class=""math-inline"">-</span>] - Suggested range: 0.0 <= watercontent <= 4.0"
classification.phaserelations,bulkunitweight_dryunitweight,unitweight_water,float,kN/m3,kN/m3,5.0,30.0,False,10.0,"Unit weight of water (<span class=""math-inline"">\gamma_w</span>) [<span class=""math-inline"">kN/m3</span>] - Suggested range: 9.0 <= unitweight_water <= 11.0 (optional, default= 10.0)"
groundhog.general.validation,check_layer_overlap,df,float,m,m,,,False,,Dataframe with keys 'z from [m]' and 'z to [m]'. Other keys can be used but then the arguments `z_from_key` and `z_to_key` need to be provided.
groundhog.general.validation,check_layer_overlap,raise_error,bool,-,-,,,False,True,Boolean determining whether an error needs to be raised or whether a warning is sufficient (default behaviour is to raise an error warning)
groundhog.general.validation,check_layer_overlap,z_from_key,float,-,-,0.0,10000.0,True,,Key for start depth of the layer
groundhog.general.validation,check_layer_overlap,z_to_key,float,-,-,0.0,10000.0,True,,Key for end depth of the layer
insitutests.pcpt_correlations,clippingdepths_qc1N_tianlehane,qc1NW,float,-,-,0.0,100000000.0,True,,"Steady-state normalised cone resistance in the weaker layer (<span class=""math-inline"">q_{c1N,W}</span>) [-] - Suggested range: 0.0 <= qc1NW <= 1000.0"
insitutests.pcpt_correlations,clippingdepths_qc1N_tianlehane,qc1NS,float,-,-,0.0,100000000.0,True,,"Steady-state normalised cone resistance in the stronger layer (<span class=""math-inline"">q_{c1N,S}</span>) [-] - Suggested range: 0.0 <= qc1NS <= 1000.0"
insitutests.pcpt_correlations,clippingdepths_qc1N_tianlehane,cone_diameter,float,m,m,0.0,10000.0,False,0.03568,"Cone diameter (<span class=""math-inline"">d_c</span>) [m] - Suggested range: 0.001 <= cone_diameter <= 1000.0 (optional, default=0.03568 for a 10cm2 cone)"
insitutests.pcpt_correlations,clippingdepths_qc1N_tianlehane,tolerance,float,-,-,,,False,0.05,"Defines the multiplier to detect which data needs to be clipped [-] - Suggested range: 0.001 <= tolerance <= 0.999 (optional, default=0.05)"
correlations.cohesive,compressionindex_watercontent_koppula,water_content,float,-,-,,,True,,"In-situ natural water content of the clay (<span class=""math-inline"">w_n</span>) [<span class=""math-inline"">-</span>] - Suggested range: 0.0 <= water_content <= 4.0"
correlations.cohesive,compressionindex_watercontent_koppula,cc_cr_ratio,float,-,-,,,False,7.5,"Ratio of compression index and recompression index (<span class=""math-inline"">C_r / C_c</span>) [<span class=""math-inline"">-</span>] - Suggested range: 5.0 <= cc_cr_ratio <= 10.0 (optional, default= 7.5)"
insitutests.pcpt_correlations,coneresistance_ocsand_baldi,dr,float,-,-,0.0,1.0,True,,"Relative density (<span class=""math-inline"">D_r</span>) [<span class=""math-inline"">-</span>] - Suggested range: 0.0 <= dr <= 1.0"
insitutests.pcpt_correlations,coneresistance_ocsand_baldi,sigma_vo_eff,float,kPa,kPa,,,True,,"Vertical effective stress (<span class=""math-inline"">\sigma_{vo}^{\prime}</span>) [<span class=""math-inline"">kPa</span>] - Suggested range: sigma_vo_eff >= 0.0"
insitutests.pcpt_correlations,coneresistance_ocsand_baldi,k0,float,-,-,,,True,,"Coefficient of lateral earth pressure (<span class=""math-inline"">K_o</span>) [<span class=""math-inline"">-</span>] - Suggested range: 0.3 <= k0 <= 5.0"
insitutests.pcpt_correlations,coneresistance_ocsand_baldi,coefficient_0,float,-,-,,,False,181.0,"Coefficient C0 (<span class=""math-inline"">C_0</span>) [<span class=""math-inline"">-</span>] (optional, default= 181.0)"
insitutests.pcpt_correlations,coneresistance_ocsand_baldi,coefficient_1,float,-,-,,,False,0.55,"Coefficient C1 (<span class=""math-inline"">C_1</span>) [<span class=""math-inline"">-</span>] (optional, default= 0.55)"
insitutests.pcpt_correlations,coneresistance_ocsand_baldi,coefficient_2,float,-,-,,,False,2.61,"Coefficient C2 (<span class=""math-inline"">C_2</span>) [<span class=""math-inline"">-</span>] (optional, default= 2.61)"
groundhog.consolidation.dissipation.onedimensionalconsolidation,consolidation_degree,time,float,:math:`s`,:math:`s`,,,False,,Time at which excess pore pressures are computed (:math:`t`) [:math:`s`]
groundhog.consolidation.dissipation.onedimensionalconsolidation,consolidation_degree,cv,float,:math:`m^2/yr`,:math:`m^2/yr`,,,False,,Coefficient of consolidation (:math:`c_v`) [:math:`m^2/yr`]
groundhog.consolidation.dissipation.onedimensionalconsolidation,consolidation_degree,drainage_length,float,:math:`m`,:math:`m`,0.0,10000.0,False,,Drainage length (:math:`H_{dr}`) [:math:`m`]
groundhog.consolidation.dissipation.onedimensionalconsolidation,consolidation_degree,distribution,str,pct,pct,,,False,uniform,"Shape of the initial excess pore pressure distribution. Choose between ``""uniform""`` (default) and ``""triangular""`` .. math::     T_v = \frac{c_v t}{H_{dr}^2}"
groundhog.shallowfoundations.settlement,consolidationsettlement_mv,initial_height,float,:math:`m`,:math:`m`,0.0,10000.0,False,,Initial thickness of the layer (:math:`H_0`) [:math:`m`] - Suggested range: initial_height >= 0.0
groundhog.shallowfoundations.settlement,consolidationsettlement_mv,effective_stress_increase,float,:math:`kPa`,:math:`kPa`,0.0,100000000.0,False,,Increase in vertical effective stress under the given load (:math:`\Delta sigma_{v}^{\prime}`) [:math:`kPa`] - Suggested range: effective_stress_increase >= 0.0
groundhog.shallowfoundations.settlement,consolidationsettlement_mv,compressibility,float,:math:`-`,:math:`-`,,,False,,Modulus of volumetric compressibility derived from oedometer tests (:math:`m_v`) [:math:`-`] - Suggested range: 1e-4 <= compressibility <= 10 (note that the compressibility is stress-dependent)  .. math::     \Delta \epsilon = m_v \cdot \Delta \sigma_v^{\prime}      \Delta z = \Delta \epsilon \cdot H_0      m_v = \frac{C_c}{2.3 \cdot (1 + e_0) \cdot \sigma_{v0}^{\prime}}
groundhog.standards.eurocode7.parameter_selection,constant_value,data,float,-,-,,,False,,List or numpy array with the measurements. The number of measurements is derived from the length.
groundhog.standards.eurocode7.parameter_selection,constant_value,mode,str,-,-,,,False,Low,"Determines whether a local low value ``""Low""`` or mean vaue ``""Mean""`` needs to be taken"
groundhog.standards.eurocode7.parameter_selection,constant_value,cov,float,-,-,,,False,nan,"Coefficient of variation (:math:`V_x = \sigma / \mu`) (given as the ratio of standard deviation to the mean, not in percent). If CoV is unknown, leave blank."
groundhog.standards.eurocode7.parameter_selection,constant_value,confidence,float,-,-,,,False,0.95,"Confidence level used for calculations (default = 95%)  .. math::     X_k = X_{mean} \cdot \left( 1 - k_n \cdot V_x \right)      V_x \text{unknown}: k_{n,mean} = t_{n-1}^{0.95} \sqrt{ \frac{1}{n} }, \ k_{n,low} = t_{n-1}^{0.95} \sqrt{ \frac{1}{n} + 1}      V_x \text{known}: k_{n,mean} = 1.64 \sqrt{ \frac{1}{n} }, \ k_{n,low} = 1.64 \sqrt{ \frac{1}{n} + 1}"
insitutests.pcpt_correlations,constrainedmodulus_pcpt_robertson,qt,float,MPa,MPa,,,True,,"Corrected cone tip resistance (<span class=""math-inline"">q_t</span>) [<span class=""math-inline"">MPa</span>] - Suggested range: 0.0 <= qt <= 100.0"
insitutests.pcpt_correlations,constrainedmodulus_pcpt_robertson,ic,float,-,-,,,True,,"Soil behaviour type index (<span class=""math-inline"">I_c</span>) [<span class=""math-inline"">-</span>] - Suggested range: 1.0 <= ic <= 5.0"
insitutests.pcpt_correlations,constrainedmodulus_pcpt_robertson,sigma_vo,float,kPa,kPa,,,True,,"Total vertical stress (<span class=""math-inline"">\sigma_{vo}</span>) [<span class=""math-inline"">kPa</span>] - Suggested range: 0.0 <= sigma_vo <= 2000.0"
insitutests.pcpt_correlations,constrainedmodulus_pcpt_robertson,sigma_vo_eff,float,kPa,kPa,,,True,,"Vertical effective stress (<span class=""math-inline"">\sigma_{vo}^{\prime}</span>) [<span class=""math-inline"">kPa</span>] - Suggested range: 0.0 <= sigma_vo_eff <= 1000.0"
insitutests.pcpt_correlations,constrainedmodulus_pcpt_robertson,coefficient1,float,10^{0.55 I_c  + 1.68} \right,10^{0.55 I_c  + 1.68} \right,,,False,0.0188,First calibration coefficient (default=0.0188)
insitutests.pcpt_correlations,constrainedmodulus_pcpt_robertson,coefficient2,float,10^{0.55 I_c  + 1.68} \right,10^{0.55 I_c  + 1.68} \right,,,False,0.55,Second calibration coefficient (default=0.55)
insitutests.pcpt_correlations,constrainedmodulus_pcpt_robertson,coefficient3,float,10^{0.55 I_c  + 1.68} \right,10^{0.55 I_c  + 1.68} \right,,,False,1.68,Third calibration coefficient (default=1.68)
insitutests.pcpt_correlations,constrainedmodulus_pcpt_robertson,qt_pivot,float,10^{0.55 I_c  + 1.68} \right,10^{0.55 I_c  + 1.68} \right,,,False,14,"Value of <span class=""math-inline"">Q_t</span> when the formula for <span class=""math-inline"">\alpha_M</span> changes (default=14)"
groundhog.pipelinescables.stability.penetration,contactwidth,diameter,float,m,m,0.0,10000.0,False,,Pipeline or cable diameter (:math:`D`) [m] - Suggested range: 0.0 <= diameter <= 2.0
groundhog.pipelinescables.stability.penetration,contactwidth,penetration,float,m,m,0.0,10000.0,False,,Pipeline or cable penetration (:math:`z`) [m] - Suggested range: 0.0 <= penetration <= 2.0  .. math::     B = 2 \cdot \sqrt{D \cdot z - z^2} \quad \text{for } z < D/2          B=D \quad \text{for } z \geq D/2
groundhog.general.soilprofile,create_blank_soilprofile,max_depth,float,m,m,0.0,10000.0,False,,Maximum depth for the SoilProfile object [m]
groundhog.general.soilprofile,create_blank_soilprofile,min_depth,int,m,m,0.0,10000.0,False,0,"Minimum depth for the SoilProfile object [m] (optional, default=0m)"
groundhog.general.soilprofile,create_blank_soilprofile,soiltype,str,kN/m3,kN/m3,,,False,Unknown,"Soil type for the layer (optional, default=""Unknown"")"
groundhog.general.soilprofile,create_blank_soilprofile,bulkunitweight,int,kN/m3,kN/m3,5.0,30.0,False,20,"Bulk unit weight for the layer [kN/m3] (optional, default= 20kN/m3)"
groundhog.soildynamics.cptliquefaction,crr_boulanger_idriss_2014,Qtn_cs,float,:math:`-`,:math:`-`,,,False,,"Normalized cone penetration resistance with fines correction (:math:`Q_{tn,cs}`) [:math:`-`] - Suggested range: Qtn_cs >= 0.0"
groundhog.soildynamics.cptliquefaction,crr_boulanger_idriss_2014,sigma_vo_eff,float,:math:`kPa`,:math:`kPa`,,,False,,Effective vertical stress at the depth of interest (:math:`\sigma_v^{\prime}`) [:math:`kPa`] - Suggested range: sigma_vo_eff >= 0.0
groundhog.soildynamics.cptliquefaction,crr_boulanger_idriss_2014,atmospheric_pressure,int,:math:`kPa`,:math:`kPa`,0.0,100000000.0,False,100,"Reference atmospheric pressure (:math:`P_a`) [:math:`kPa`] - Suggested range: atmospheric_pressure > 0.0 (optional, default=100.0)  .. math::     CRR = \min \left( \exp \left( \frac{Q_{tn,cs}}{113} + \left( \frac{Q_{tn,cs}}{1000} \right)^2 - \left( \frac{Q_{tn,cs}}{140} \right)^3 + \left( \frac{Q_{tn,cs}}{137} \right)^4 - 2.80 \right), 0.6 \right)      C_{\sigma} = \frac{1}{37.3 - 8.27 \cdot \min(Q_{tn,cs}, 211)^{0.264}}      K_{\sigma} = \min \left( 1 - C_{\sigma} \cdot \ln \left( \frac{\sigma_v^{\prime}}{P_a} \right), 1.1 \right)"
groundhog.soildynamics.cptliquefaction,crr_idriss_boulanger_2008,Qtn_cs,float,:math:`-`,:math:`-`,,,False,,"Normalized cone penetration resistance with fines correction (:math:`Q_{tn,cs}`) [:math:`-`] - Suggested range: Qtn_cs >= 0.0"
groundhog.soildynamics.cptliquefaction,crr_idriss_boulanger_2008,sigma_vo_eff,float,:math:`kPa`,:math:`kPa`,,,False,,Effective vertical stress at the depth of interest (:math:`\sigma_v^{\prime}`) [:math:`kPa`] - Suggested range: sigma_vo_eff >= 0.0
groundhog.soildynamics.cptliquefaction,crr_idriss_boulanger_2008,atmospheric_pressure,int,:math:`kPa`,:math:`kPa`,0.0,100000000.0,False,100,"Reference atmospheric pressure (:math:`P_a`) [:math:`kPa`] - Suggested range: atmospheric_pressure > 0.0 (optional, default=100.0)  .. math::     CRR = \min \left( \exp \left( \frac{Q_{tn,cs}}{540} + \left( \frac{Q_{tn,cs}}{67} \right)^2 - \left( \frac{Q_{tn,cs}}{80} \right)^3 + \left( \frac{Q_{tn,cs}}{114} \right)^4 - 3 \right), 0.6 \right)      C_{\sigma} = \min \left( \frac{1}{37.3 - 8.27 \cdot \min(Q_{tn,cs}, 211)^{0.264}}, 0.3 \right)      K_{\sigma} = \min \left( 1 - C_{\sigma} \cdot \ln \left( \frac{\sigma_v^{\prime}}{P_a} \right), 1.1 \right)"
groundhog.soildynamics.cptliquefaction,crr_robertson_cabal_2022,Qtn_cs,float,:math:`-`,:math:`-`,,,False,,"Normalized cone penetration resistance with fines correction (:math:`Q_{tn,cs}`) [:math:`-`] - Suggested range: Qtn_cs >= 0.0  .. math::     CRR = \begin{cases}     0.833 \cdot \left( \frac{Q_{tn,cs}}{1000} \right) + 0.05 & \text{if } Q_{tn,cs} < 50 \\     93 \cdot \left( \frac{Q_{tn,cs}}{1000} \right)^3 + 0.08 & \text{if } 50 \leq Q_{tn,cs} < 160 \\     \infty & \text{if } Q_{tn,cs} \geq 160     \end{cases}      K_{\sigma} = 1"
groundhog.soildynamics.cptliquefaction,crr_robertson_wride_1998,Qtn_cs,float,:math:`-`,:math:`-`,,,False,,"Normalized cone penetration resistance with fines correction (:math:`Q_{tn,cs}`) [:math:`-`] - Suggested range: Qtn_cs >= 0.0"
groundhog.soildynamics.cptliquefaction,crr_robertson_wride_1998,sigma_vo_eff,float,:math:`kPa`,:math:`kPa`,,,False,,Effective vertical stress at the depth of interest (:math:`\sigma_v^{\prime}`) [:math:`kPa`] - Suggested range: sigma_vo_eff >= 0.0
groundhog.soildynamics.cptliquefaction,crr_robertson_wride_1998,relative_density,float,:math:`-`,:math:`-`,0.0,50.0,False,,Relative density of the soil (:math:`D_r`) [:math:`-`] - Suggested range: 0.0 <= relative_density <= 1.0
groundhog.soildynamics.cptliquefaction,crr_robertson_wride_1998,atmospheric_pressure,int,:math:`kPa`,:math:`kPa`,0.0,100000000.0,False,100,"Reference atmospheric pressure (:math:`P_a`) [:math:`kPa`] - Suggested range: atmospheric_pressure > 0.0 (optional, default=100.0)  .. math::     CRR = \begin{cases}     0.833 \cdot \left( \frac{Q_{tn,cs}}{1000} \right) + 0.05 & \text{if } Q_{tn,cs} < 50 \\     93 \cdot \left( \frac{Q_{tn,cs}}{1000} \right)^3 + 0.08 & \text{if } 50 \leq Q_{tn,cs} < 160 \\     \infty & \text{if } Q_{tn,cs} \geq 160     \end{cases}      K_{\sigma} = \begin{cases}     1.0 & \text{if } \sigma_v^{\prime} < 100 \, kPa \\     \min \left( \left( \frac{\sigma_v^{\prime}}{P_a} \right)^{f_{K_{\sigma}} - 1}, 1 \right) & \text{otherwise}     \end{cases}      f_{K_{\sigma}} = 1 - \frac{D_r}{2}      f_{K_{\sigma}} = \min \left( \max \left( f_{K_{\sigma}}, 0.6 \right), 0.8 \right)"
groundhog.soildynamics.cptliquefaction,csr_boulanger_idriss_2014,Qtn_cs,float,:math:`-`,:math:`-`,,,False,,"Normalized cone penetration resistance (:math:`Q_{tn,cs}`) [:math:`-`] - Suggested range: Qtn_cs >= 0.0"
groundhog.soildynamics.cptliquefaction,csr_boulanger_idriss_2014,sigma_vo,float,:math:`kPa`,:math:`kPa`,,,False,,Total vertical stress at the depth of interest (:math:`\sigma_v`) [:math:`kPa`] - Suggested range: sigma_vo >= 0.0
groundhog.soildynamics.cptliquefaction,csr_boulanger_idriss_2014,sigma_vo_eff,float,:math:`kPa`,:math:`kPa`,,,False,,Effective vertical stress at the depth of interest (:math:`\sigma_v^{\prime}`) [:math:`kPa`] - Suggested range: sigma_vo_eff >= 0.0
groundhog.soildynamics.cptliquefaction,csr_boulanger_idriss_2014,depth,float,:math:`m`,:math:`m`,0.0,10000.0,False,,Depth below the mudline at which CSR is calculated (:math:`z`) [:math:`m`] - Suggested range: depth >= 0.0
groundhog.soildynamics.cptliquefaction,csr_boulanger_idriss_2014,magnitude,float,:math:`-`,:math:`-`,,,False,,Earthquake magnitude (:math:`M_w`) [:math:`-`] - Suggested range: 5.0 <= magnitude <= 8.5
groundhog.soildynamics.cptliquefaction,csr_boulanger_idriss_2014,acceleration,float,:math:`g`,:math:`g`,,,False,,"Maximum horizontal acceleration at the soil surface (:math:`a_{max}`) [:math:`g`] - Suggested range: acceleration >= 0.0  .. math::     CSR = 0.65 \cdot a_{max} \cdot \frac{\sigma_v}{\sigma_v^{\prime}} \cdot r_d      \alpha = -1.012 - 1.126 \cdot \sin \left( \frac{z}{11.73} + 5.133 \right)      \beta = 0.106 + 0.118 \cdot \sin \left( \frac{z}{11.28} + 5.142 \right)      r_d = e^{\alpha + \beta \cdot M_w}      MSF_{max} = \min \left( 1.09 + \left( \frac{Q_{tn,cs}}{180} \right)^3, 2.2 \right)      MSF = 1 + (MSF_{max} - 1) \cdot \left( 8.64 \cdot e^{-M_w / 4} - 1.325 \right)"
groundhog.soildynamics.cptliquefaction,csr_idriss_boulanger_2008,sigma_vo,float,:math:`kPa`,:math:`kPa`,,,False,,Total vertical stress at the depth of interest (:math:`\sigma_v`) [:math:`kPa`] - Suggested range: sigma_vo >= 0.0
groundhog.soildynamics.cptliquefaction,csr_idriss_boulanger_2008,sigma_vo_eff,float,:math:`kPa`,:math:`kPa`,,,False,,Effective vertical stress at the depth of interest (:math:`\sigma_v^{\prime}`) [:math:`kPa`] - Suggested range: sigma_vo_eff >= 0.0
groundhog.soildynamics.cptliquefaction,csr_idriss_boulanger_2008,depth,float,:math:`m`,:math:`m`,0.0,10000.0,False,,Depth below the mudline at which CSR is calculated (:math:`z`) [:math:`m`] - Suggested range: depth >= 0.0
groundhog.soildynamics.cptliquefaction,csr_idriss_boulanger_2008,magnitude,float,:math:`-`,:math:`-`,,,False,,Earthquake magnitude (:math:`M_w`) [:math:`-`] - Suggested range: 5.0 <= magnitude <= 8.5
groundhog.soildynamics.cptliquefaction,csr_idriss_boulanger_2008,acceleration,float,:math:`g`,:math:`g`,,,False,,"Maximum horizontal acceleration at the soil surface (:math:`a_{max}`) [:math:`g`] - Suggested range: acceleration >= 0.0  .. math::     CSR = 0.65 \cdot a_{max} \cdot \frac{\sigma_v}{\sigma_v^{\prime}} \cdot r_d      MSF = \min \left( 6.9 \cdot e^{-M_w / 4} - 0.058, 1.8 \right)      \alpha = -1.012 - 1.126 \cdot \sin \left( \frac{z}{11.73} + 5.133 \right)      \beta = 0.106 + 0.118 \cdot \sin \left( \frac{z}{11.28} + 5.142 \right)      r_d = e^{\alpha + \beta \cdot M_w}"
groundhog.soildynamics.cptliquefaction,csr_robertson_cabal_2022,sigma_vo,float,:math:`kPa`,:math:`kPa`,,,False,,Total vertical stress at the depth of interest (:math:`\sigma_v`) [:math:`kPa`] - Suggested range: sigma_vo >= 0.0
groundhog.soildynamics.cptliquefaction,csr_robertson_cabal_2022,sigma_vo_eff,float,:math:`kPa`,:math:`kPa`,,,False,,Effective vertical stress at the depth of interest (:math:`\sigma_v^{\prime}`) [:math:`kPa`] - Suggested range: sigma_vo_eff >= 0.0
groundhog.soildynamics.cptliquefaction,csr_robertson_cabal_2022,depth,float,:math:`m`,:math:`m`,0.0,10000.0,False,,Depth below the mudline at which CSR is calculated (:math:`z`) [:math:`m`] - Suggested range: depth >= 0.0
groundhog.soildynamics.cptliquefaction,csr_robertson_cabal_2022,magnitude,float,:math:`-`,:math:`-`,,,False,,Earthquake magnitude (:math:`M_w`) [:math:`-`] - Suggested range: 5.0 <= magnitude <= 8.5
groundhog.soildynamics.cptliquefaction,csr_robertson_cabal_2022,acceleration,float,:math:`g`,:math:`g`,,,False,,Maximum horizontal acceleration at the soil surface (:math:`a_{max}`) [:math:`g`] - Suggested range: acceleration >= 0.0
groundhog.soildynamics.cptliquefaction,csr_robertson_cabal_2022,MSF_userdefined,bool,-,-,,,False,False,"If True, the MSF is calculated as the average of the Idriss and Andrus & Stokoe formulations. If False, the default Robertson and Cabal (2022) MSF is used. (optional, default=False)  .. math::     CSR = 0.65 \cdot a_{max} \cdot \frac{\sigma_v}{\sigma_v^{\prime}} \cdot r_d      r_d = \begin{cases}     1.0 - 0.00765 \cdot z & \text{if } z < 9.15 \, m \\     1.174 - 0.0267 \cdot z & \text{if } 9.15 \, m \leq z < 23 \, m \\     0.744 - 0.008 \cdot z & \text{if } 23 \, m \leq z < 30 \, m \\     0.5 & \text{if } z \geq 30 \, m     \end{cases}      MSF = \begin{cases}     \frac{10^{2.24}}{M_w^{2.56}} + \left( \frac{M_w}{7.5} \right)^{-3.33} \cdot 0.5 & \text{if } MSF_{userdefined} = True \\     \frac{174}{M_w^{2.56}} & \text{if } MSF_{userdefined} = False     \end{cases}"
groundhog.soildynamics.cptliquefaction,csr_robertson_wride_1998,sigma_vo,float,:math:`kPa`,:math:`kPa`,,,False,,Total vertical stress at the depth of interest (:math:`\sigma_v`) [:math:`kPa`] - Suggested range: sigma_vo >= 0.0
groundhog.soildynamics.cptliquefaction,csr_robertson_wride_1998,sigma_vo_eff,float,:math:`kPa`,:math:`kPa`,,,False,,Effective vertical stress at the depth of interest (:math:`\sigma_v^{\prime}`) [:math:`kPa`] - Suggested range: sigma_vo_eff >= 0.0
groundhog.soildynamics.cptliquefaction,csr_robertson_wride_1998,depth,float,:math:`m`,:math:`m`,0.0,10000.0,False,,Depth below the mudline at which CSR is calculated (:math:`z`) [:math:`m`] - Suggested range: depth >= 0.0
groundhog.soildynamics.cptliquefaction,csr_robertson_wride_1998,magnitude,float,:math:`-`,:math:`-`,,,False,,Earthquake magnitude (:math:`M_w`) [:math:`-`] - Suggested range: 5.0 <= magnitude <= 8.5
groundhog.soildynamics.cptliquefaction,csr_robertson_wride_1998,acceleration,float,:math:`g`,:math:`g`,,,False,,"Maximum horizontal acceleration at the soil surface (:math:`a_{max}`) [:math:`g`] - Suggested range: acceleration >= 0.0  .. math::     CSR = 0.65 \cdot a_{max} \cdot \frac{\sigma_v}{\sigma_v^{\prime}} \cdot r_d      r_d = \begin{cases}     1.0 - 0.00765 \cdot z & \text{if } z < 9.15 \, m \\     1.174 - 0.0267 \cdot z & \text{if } 9.15 \, m \leq z < 23 \, m \\     0.744 - 0.008 \cdot z & \text{if } 23 \, m \leq z < 30 \, m \\     0.5 & \text{if } z \geq 30 \, m     \end{cases}      MSF = \frac{10^{2.24}}{M_w^{2.56}}"
correlations.cohesive,cv_liquidlimit_usnavy,liquid_limit,float,pct,pct,,,True,,"Liquid limit of the clay (<span class=""math-inline"">LL</span>) [<span class=""math-inline"">pct</span>] - Suggested range: 20.0 <= liquid_limit <= 160.0"
correlations.cohesive,cv_liquidlimit_usnavy,trend,string,m2/yr,m2/yr,,,False,NC,"Choice of trend, choose between trends for remoulded, NC and OC clay (optional, default= 'NC') - Options: ('Remoulded', 'NC', 'OC')"
groundhog.soildynamics.cyclicbehaviour,cycliccontours_dssclay_andersen,undrained_shear_strength,float,:math:`kPa`,:math:`kPa`,0.0,1.0,False,,Undrained shear strength of the normally consolidated clay measured with a DSS test (:math:`S_u^{DSS}`) [:math:`kPa`] - Suggested range: 1.0 <= undrained_shear_strength <= 100.0
groundhog.soildynamics.cyclicbehaviour,cycliccontours_dssclay_andersen,average_shear_stress,float,:math:`kPa`,:math:`kPa`,0.0,100000000.0,False,,Magnitude of the applied average shear stress (:math:`\tau_a`) [:math:`kPa`] - Suggested range: 0.0 <= average_shear_stress <= 100.0
groundhog.soildynamics.cyclicbehaviour,cycliccontours_dssclay_andersen,cyclic_shear_stress,float,:math:`kPa`,:math:`kPa`,0.0,100000000.0,False,,Magnitude of the applied cyclic shear stress (:math:`\tau_{cy}`) [:math:`kPa`] - Suggested range: 0.0 <= cyclic_shear_stress <= 100.0
groundhog.soildynamics.cyclicbehaviour,cycliccontours_triaxialclay_andersen,undrained_shear_strength,float,:math:`kPa`,:math:`kPa`,0.0,1.0,False,,Undrained shear strength of the normally consolidated clay measured with a triaxial compression test (:math:`S_u^C`) [:math:`kPa`] - Suggested range: 1.0 <= undrained_shear_strength <= 100.0
groundhog.soildynamics.cyclicbehaviour,cycliccontours_triaxialclay_andersen,average_shear_stress,float,:math:`kPa`,:math:`kPa`,0.0,100000000.0,False,,Magnitude of the applied average shear stress (:math:`\tau_a`) [:math:`kPa`] - Suggested range: -50.0 <= average_shear_stress <= 100.0
groundhog.soildynamics.cyclicbehaviour,cycliccontours_triaxialclay_andersen,cyclic_shear_stress,float,:math:`kPa`,:math:`kPa`,0.0,100000000.0,False,,Magnitude of the applied cyclic shear stress (:math:`\tau_{cy}`) [:math:`kPa`] - Suggested range: 0.0 <= cyclic_shear_stress <= 100.0
groundhog.soildynamics.cyclicbehaviour,cyclicstrength_dsssand_relativedensity,relative_density,float,:math:`pct`,:math:`pct`,0.0,50.0,False,,Relative density of the sand (:math:`D_r`) [:math:`pct`] - Suggested range: 40.0 <= relative_density <= 110.0
groundhog.soildynamics.cyclicbehaviour,cyclicstrength_dsssand_relativedensity,vertical_effective_stress,float,:math:`kPa`,:math:`kPa`,0.0,100000000.0,False,,Vertical effective stress at the depth considered (:math:`\sigma_{vc}^{\prime}`) [:math:`kPa`] - Suggested range: 100.0 <= vertical_effective_stress <= 250.0
groundhog.soildynamics.cyclicbehaviour,cyclicstrength_dsssand_relativedensity,fines_content,float,:math:`pct`,:math:`pct`,,,False,5.0,"Fines content of the soil (:math:`FC`) [:math:`pct`] - Suggested range: 5.0 <= fines_content <= 35.0 (optional, default= 5.0)"
groundhog.soildynamics.cyclicbehaviour,cyclicstrength_dsssand_relativedensity,stress_exponent,float,:math:`-`,:math:`-`,0.0,100000000.0,False,0.9,"Stress exponent used for stress normalisation (:math:`n`) [:math:`-`] - Suggested range: 0.2 <= stress_exponent <= 1.0 (optional, default= 0.9)"
groundhog.soildynamics.cyclicbehaviour,cyclicstrength_dsssand_relativedensity,atmospheric_pressure,float,:math:`kPa`,:math:`kPa`,0.0,100000000.0,False,100.0,"Atmospheric pressure (:math:`p_a`) [:math:`kPa`] (optional, default= 100.0)  .. math::     \sigma_{ref}^{\prime} = p_a \cdot ( \sigma_{ref}^{\prime} / p_a )^n"
groundhog.soildynamics.cyclicbehaviour,cyclicstrength_dsssand_watercontent,water_content,float,:math:`pct`,:math:`pct`,,,False,,Water content of the sand after testing (:math:`w_{after}`) [:math:`pct`] - Suggested range: 15.0 <= water_content <= 40.0
groundhog.soildynamics.cyclicbehaviour,cyclicstrength_dsssand_watercontent,vertical_effective_stress,float,:math:`kPa`,:math:`kPa`,0.0,100000000.0,False,,Vertical effective stress at the depth considered (:math:`\sigma_{vc}^{\prime}`) [:math:`kPa`] - Suggested range: 100.0 <= vertical_effective_stress <= 250.0
groundhog.soildynamics.cyclicbehaviour,cyclicstrength_dsssand_watercontent,fines_content,float,:math:`pct`,:math:`pct`,,,False,5.0,"Fines content of the soil (:math:`FC`) [:math:`pct`] - Suggested range: 5.0 <= fines_content <= 35.0 (optional, default= 5.0)"
groundhog.soildynamics.cyclicbehaviour,cyclicstrength_dsssand_watercontent,stress_exponent,float,:math:`-`,:math:`-`,0.0,100000000.0,False,0.9,"Stress exponent used for stress normalisation (:math:`n`) [:math:`-`] - Suggested range: 0.2 <= stress_exponent <= 1.0 (optional, default= 0.9)"
groundhog.soildynamics.cyclicbehaviour,cyclicstrength_dsssand_watercontent,atmospheric_pressure,float,:math:`kPa`,:math:`kPa`,0.0,100000000.0,False,100.0,"Atmospheric pressure (:math:`p_a`) [:math:`kPa`] (optional, default= 100.0)  .. math::     \sigma_{ref}^{\prime} = p_a \cdot ( \sigma_{ref}^{\prime} / p_a )^n"
groundhog.soildynamics.liquefaction,cyclicstressratio_moss,sigma_vo,float,:math:`kPa`,:math:`kPa`,,,False,,Total vertical stress at the depth of interest (:math:`\sigma_v`) [:math:`kPa`] - Suggested range: sigma_vo >= 0.0
groundhog.soildynamics.liquefaction,cyclicstressratio_moss,sigma_vo_eff,float,:math:`kPa`,:math:`kPa`,,,False,,Effective vertical stress at the depth of interest (:math:`\sigma_v^{\prime}`) [:math:`kPa`] - Suggested range: sigma_vo_eff >= 0.0
groundhog.soildynamics.liquefaction,cyclicstressratio_moss,magnitude,float,:math:`-`,:math:`-`,,,False,,Earthquake magnitude (:math:`M_w`) [:math:`-`] - Suggested range: 5.5 <= magnitude <= 8.5
groundhog.soildynamics.liquefaction,cyclicstressratio_moss,acceleration,float,:math:`m/s2`,:math:`m/s2`,,,False,,Maximum horizontal acceleration at the soil surface (:math:`a_{max}`) [:math:`m/s2`] - Suggested range: acceleration >= 0.0
groundhog.soildynamics.liquefaction,cyclicstressratio_moss,depth,float,:math:`m`,:math:`m`,0.0,10000.0,False,,Depth at which CSR is calculated (:math:`z`) [:math:`m`] - Suggested range: depth >= 0.0
groundhog.soildynamics.liquefaction,cyclicstressratio_moss,gravity,float,:math:`m/s2`,:math:`m/s2`,,,False,9.81,"Acceleration due to gravity (:math:`g`) [:math:`m/s2`] - Suggested range: 9.8 <= gravity <= 10.0 (optional, default= 9.81)"
groundhog.soildynamics.liquefaction,cyclicstressratio_moss,rd_override,float,:math:`-`,:math:`-`,,,False,nan,"Override for direct specification of rd (:math:`r_d`) [:math:`-`] (optional, default=np.nan)"
groundhog.soildynamics.liquefaction,cyclicstressratio_moss,DWF_override,float,:math:`-`,:math:`-`,,,False,nan,"Override for direct specification of DWF (:math:`DWF`) [:math:`-`] (optional, default=np.nan)  .. math::     CSR = \frac{\tau_{avg}}{\sigma_v^{\prime}} = 0.65 \cdot \frac{a_{max}}{g} \cdot \frac{\sigma_v}{\sigma_v^{\prime}} \cdot r_d      CSR^{*} = CSR_{M_w=7.5}=\frac{CSR}{DWF_{M_w}}      DWF_{M_w} = 17.84 \cdot M_w^{-1.43}      r_d = \frac{\left[ 1 + \frac{-9.147 - 4.173 \cdot a_{max} + 0.652 \cdot M_w}{10.567 + 0.089 \cdot e^{0.089 \cdot \left( -z \cdot 3.28 - 7.760 \cdot a_{max} + 78.576 \right)}} \right]}{\left[ 1 + \frac{-9.147 - 4.173 \cdot a_{max} + 0.652 \cdot M_w}{10.567 + 0.089 \cdot e^{0.089 \cdot (-7.760 \cdot a_{max} + 78.576)}} \right]} \\ z \geq 20m      r_d = \frac{\left[ 1 + \frac{-9.147 - 4.173 \cdot a_{max} + 0.652 \cdot M_w}{10.567 + 0.089 \cdot e^{0.089 \cdot \left( -z \cdot 3.28 - 7.760 \cdot a_{max} + 78.576 \right)}} \right]}{\left[ 1 + \frac{-9.147 - 4.173 \cdot a_{max} + 0.652 \cdot M_w}{10.567 + 0.089 \cdot e^{0.089 \cdot (-7.760 \cdot a_{max} + 78.576)}} \right]} - 0.0014 \cdot (z \cdot 3.28 - 65) \\ z < 20m"
groundhog.soildynamics.liquefaction,cyclicstressratio_youd,acceleration,float,:math:`m/s2`,:math:`m/s2`,,,False,,Maximum horizontal acceleration at the soil surface (:math:`a_{max}`) [:math:`m/s2`] - Suggested range: acceleration >= 0.0
groundhog.soildynamics.liquefaction,cyclicstressratio_youd,sigma_vo,float,:math:`kPa`,:math:`kPa`,,,False,,Vertical total stress at the depth considered (:math:`\sigma_{vo}`) [:math:`kPa`] - Suggested range: 0.0 <= sigma_vo <= 500.0
groundhog.soildynamics.liquefaction,cyclicstressratio_youd,sigma_vo_eff,float,:math:`kPa`,:math:`kPa`,,,False,,Vertical effective stress at the depth considered (:math:`\sigma_{vo}^{\prime}`) [:math:`kPa`] - Suggested range: 0.0 <= sigma_vo_eff <= 250.0
groundhog.soildynamics.liquefaction,cyclicstressratio_youd,depth,float,:math:`m`,:math:`m`,0.0,10000.0,False,,Depth considered for the assessment (:math:`z`) [:math:`m`] - Suggested range: 0.0 <= depth <= 23.0
groundhog.soildynamics.liquefaction,cyclicstressratio_youd,magnitude,float,:math:`-`,:math:`-`,,,False,,Earthquake magnitude (:math:`M`) [:math:`-`] - Suggested range: 0.0 <= magnitude <= 8.5
groundhog.soildynamics.liquefaction,cyclicstressratio_youd,gravity,float,:math:`m/s2`,:math:`m/s2`,,,False,9.81,"Acceleration due to gravity (:math:`g`) [:math:`m/s2`] - Suggested range: 9.8 <= gravity <= 10.0 (optional, default= 9.81)"
groundhog.soildynamics.liquefaction,cyclicstressratio_youd,msf_exponent_nominator,float,:math:`-`,:math:`-`,,,False,2.24,"Exponent in the nominator of the equation for MSF (:math:``) [:math:`-`] (optional, default= 2.24)"
groundhog.soildynamics.liquefaction,cyclicstressratio_youd,msf_exponent_denominator,float,:math:`-`,:math:`-`,,,False,2.56,"Exponent in the denominator of the equation for MSF (:math:``) [:math:`-`] (optional, default= 2.56)"
groundhog.soildynamics.liquefaction,cyclicstressratio_youd,rd_factor1,float,:math:`-`,:math:`-`,,,False,1.0,"First calibration factor for shallow portion of rd (:math:``) [:math:`-`] (optional, default= 1.0)"
groundhog.soildynamics.liquefaction,cyclicstressratio_youd,rd_factor2,float,:math:`-`,:math:`-`,,,False,0.00765,"Second calibration factor for shallow portion of rd (:math:``) [:math:`-`] (optional, default= 0.00765)"
groundhog.soildynamics.liquefaction,cyclicstressratio_youd,rd_factor3,float,:math:`-`,:math:`-`,,,False,1.174,"First calibration factor for deep portion of rd (:math:``) [:math:`-`] (optional, default= 1.174)"
groundhog.soildynamics.liquefaction,cyclicstressratio_youd,rd_factor4,float,:math:`-`,:math:`-`,,,False,0.0267,"Second calibration factor for deep portion of rd (:math:``) [:math:`-`] (optional, default= 0.0267)"
groundhog.soildynamics.liquefaction,cyclicstressratio_youd,rd_transitiondepth,float,:math:`-`,:math:`-`,0.0,10000.0,False,9.15,"Transition depth for rd (:math:``) [:math:`-`] (optional, default= 9.15)"
groundhog.soildynamics.liquefaction,cyclicstressratio_youd,rd_maxdepth,float,:math:`-`,:math:`-`,0.0,10000.0,False,23.0,"Max depth for rd (:math:``) [:math:`-`] (optional, default= 23.0)  .. math::     CSR_{7.5} = \frac{CSR}{MSF} = \frac{\tau_{avg} / \sigma_{vo}^{\prime}}{MSF} = \frac{0.65 \cdot \left(     \frac{a_{max}}{g} \right) \cdot \left( \frac{\sigma_{vo}}{\sigma_{vo}^{\prime}} \right) \cdot r_d}{MSF}      MSF = \frac{10^{2.24}}{M^{2.56}}      r_d = \begin{cases}         1.0 - 0.00765 \cdot z, & \text{for } z < 9.15m \\         1.174 - 0.0267 \cdot z, & \text{for } 9.15m \leq z < 23m     \end{cases}"
groundhog.soildynamics.soilproperties,dampingratio_sandgravel_seed,cyclic_shear_strain,float,:math:`pct`,:math:`pct`,,,False,,Cyclic shear strain (:math:`\gamma_{cyc}`) [:math:`pct`] - Suggested range: 0.0001 <= cyclic_shear_strain <= 1.0
classification.phaserelations,density_unitweight,gamma,float,kN/m3,kN/m3,5.0,30.0,True,,"Unit weight (<span class=""math-inline"">\gamma</span>) [kN/m3] - Suggested range: 0.0 <= gamma <= 30.0"
classification.phaserelations,density_unitweight,g,float,m/s2,m/s2,,,False,9.81,"Acceleration of gravity (<span class=""math-inline"">g</span>) [m/s2] - Suggested range: 9.7 <= g <= 10.0 (optional, default= 9.81)"
insitutests.pcpt_correlations,dissipation_test_teh,ch,float,m2/yr,m2/yr,,,True,,"Horizontal coefficient of consolidation (<span class=""math-inline"">c_h</span>) [m2/yr] - Suggested range: 0.0 <= ch <= 100.0"
insitutests.pcpt_correlations,dissipation_test_teh,shearmodulus,float,kPa,kPa,0.0,100000000.0,True,,"Shear modulus of the soil (<span class=""math-inline"">G</span>) [kPa] - Suggested range: 0.0 <= shearmodulus <= 500000.0"
insitutests.pcpt_correlations,dissipation_test_teh,undrained_shear_strength,float,kPa,kPa,0.0,1.0,True,,"Undrained shear strength (<span class=""math-inline"">S_u</span>) [kPa] - Suggested range: 1.0 <= undrained_shear_strength <= 500.0"
insitutests.pcpt_correlations,dissipation_test_teh,u_initial,float,kPa,kPa,,,True,,"Initial excess pore pressure (<span class=""math-inline"">\Delta u_i</span>) [kPa] - Suggested range: 0.0 <= u_initial <= 2000.0"
insitutests.pcpt_correlations,dissipation_test_teh,cone_area,float,cm2,cm2,,,False,10.0,"Cone area (<span class=""math-inline"">\pi a^2</span>) [cm2] - Suggested range: 2.0 <= cone_area <= 15.0 (optional, default= 10.0)"
insitutests.pcpt_correlations,dissipation_test_teh,sensor_location,string,kPa,kPa,,,False,u2,"Location of the pore pressure sensor (optional, default= 'u2') - Options: ('u1', ' u2')"
insitutests.pcpt_correlations,drainedsecantmodulus_sand_bellotti,qc,float,MPa,MPa,0.0,100000000.0,True,,"Cone tip resistance (<span class=""math-inline"">q_c</span>) [<span class=""math-inline"">MPa</span>] - Suggested range: 0.0 <= qc <= 100.0"
insitutests.pcpt_correlations,drainedsecantmodulus_sand_bellotti,sigma_vo_eff,float,kPa,kPa,,,True,,"Vertical effective stress (<span class=""math-inline"">\sigma_{vo}^{\prime}</span>) [<span class=""math-inline"">kPa</span>] - Suggested range: 50.0 <= sigma_vo_eff <= 300.0"
insitutests.pcpt_correlations,drainedsecantmodulus_sand_bellotti,K0,float,-,-,,,True,,"Coefficient of lateral earth pressure at rest (<span class=""math-inline"">K_0</span>) [<span class=""math-inline"">-</span>] - Suggested range: 0.5 <= K0 <= 2.0"
insitutests.pcpt_correlations,drainedsecantmodulus_sand_bellotti,sandtype,string,:math:`kPa`,:math:`kPa`,,,True,,"Type of sand - Options: (""NC"", ""Aged NC"", ""OC"")"
insitutests.pcpt_correlations,drainedsecantmodulus_sand_bellotti,atmospheric_pressure,float,kPa,kPa,0.0,100000000.0,False,100.0,"Atmospheric pressure (<span class=""math-inline"">P_a</span>) [<span class=""math-inline"">kPa</span>] - Suggested range: 90.0 <= atmospheric_pressure <= 110.0 (optional, default= 100.0)"
classification.phaserelations,dryunitweight_watercontent,watercontent,float,-,-,0.0,500.0,True,,"Water content of the sample, ratio of weight of water to weight of solids (<span class=""math-inline"">w</span>) [<span class=""math-inline"">-</span>] - Suggested range: 0.0 <= watercontent <= 4.0"
classification.phaserelations,dryunitweight_watercontent,bulkunitweight,float,kN/m3,kN/m3,5.0,30.0,True,,"Bulk unit weight of the sample (<span class=""math-inline"">\gamma</span>) [<span class=""math-inline"">kN/m3</span>] - Suggested range: 10.0 <= bulkunitweight <= 25.0"
groundhog.excavations.basic,earthpressurecoefficients_frictionangle,phi_eff,float,:math:`deg`,:math:`deg`,0.0,60.0,False,,Effective friction of the soil (:math:`\varphi^{\prime}`) [:math:`deg`] - Suggested range: 20.0 <= effective_friction_angle <= 50.0  .. math::     K_a = \frac{1 - \sin \varphi^{\prime}}{1 + \sin \varphi^{\prime}}          K_p = \frac{1 + \sin \varphi^{\prime}}{1 - \sin \varphi^{\prime}}          \theta_a = \frac{\pi}{4} + \frac{\varphi^{\prime}}{2}          \theta_p = \frac{\pi}{4} - \frac{\varphi^{\prime}}{2}
groundhog.excavations.basic,earthpressurecoefficients_poncelet,phi_eff,float,:math:`deg`,:math:`deg`,0.0,60.0,False,,Effective friction angle of the soil (:math:`\varphi^{\prime}`) [:math:`deg`] - Suggested range: 20.0 <= effective_friction_angle <= 50.0
groundhog.excavations.basic,earthpressurecoefficients_poncelet,interface_friction_angle,float,:math:`deg`,:math:`deg`,0.0,60.0,False,,Interface friction angle of the wall-soil interaction (:math:`\delta`) [:math:`deg`] - Suggested range: 15.0 <= interface_friction_angle <= 40.0
groundhog.excavations.basic,earthpressurecoefficients_poncelet,wall_angle,float,:math:`deg`,:math:`deg`,0.0,60.0,False,,Angle to the vertical of the portion of the wall in contact with the soil (:math:`\eta`) [:math:`deg`] - Suggested range: 0.0 <= wall_angle <= 70.0
groundhog.excavations.basic,earthpressurecoefficients_poncelet,top_angle,float,:math:`deg`,:math:`deg`,0.0,60.0,False,,Angle to the horizontal of the slope on top of the wall (:math:`\beta`) [:math:`deg`] - Suggested range: 0.0 <= top_angle <= 70.0  .. math::     K_{aC} = \frac{\cos ^2 (\varphi^{\prime} - \eta)}{\cos ^2 \eta \cos (\eta + \delta) \left[  1 + \left( \frac{\sin (\varphi^{\prime} + \delta) \sin (\varphi^{\prime} - \beta)}{\cos (\eta + \delta) \cos (\eta - \beta)}\right)^{0.5} \right]^2}          K_{pC} = \frac{\cos ^2 (\varphi^{\prime} + \eta)}{\cos ^2 \eta \cos (\eta - \delta) \left[  1 - \left( \frac{\sin (\varphi^{\prime} + \delta) \sin (\varphi^{\prime} + \beta)}{\cos (\eta - \delta) \cos (\eta - \beta)}\right)^{0.5} \right]^2}
groundhog.excavations.basic,earthpressurecoefficients_rankine,phi_eff,float,:math:`deg`,:math:`deg`,0.0,60.0,False,,Effective friction angle of the soil (:math:`\varphi^{\prime}`) [:math:`deg`] - Suggested range: 20.0 <= effective_friction_angle <= 50.0
groundhog.excavations.basic,earthpressurecoefficients_rankine,wall_angle,float,:math:`deg`,:math:`deg`,0.0,60.0,False,,Angle to the vertical of the portion of the wall in contact with the soil (:math:`\eta`) [:math:`deg`] - Suggested range: 0.0 <= wall_angle <= 70.0
groundhog.excavations.basic,earthpressurecoefficients_rankine,top_angle,float,:math:`deg`,:math:`deg`,0.0,60.0,False,,Angle to the horizontal of the slope on top of the wall (:math:`\beta`) [:math:`deg`] - Suggested range: 0.0 <= top_angle <= 70.0  .. math::     K_{aR} = \frac{\cos (\beta - \eta) \sqrt{1 + \sin ^2 \varphi^{\prime} - 2 \sin \varphi^{\prime} \cos \omega_a }}{\cos ^2 \eta \left( \cos \beta + \sqrt{\sin ^2 \varphi^{\prime} - \sin ^2 \beta} \right)}          K_{pR} = \frac{\cos (\beta - \eta) \sqrt{1 + \sin ^2 \varphi^{\prime} + 2 \sin \varphi^{\prime} \cos \omega_p }}{\cos ^2 \eta \left( \cos \beta - \sqrt{\sin ^2 \varphi^{\prime} - \sin ^2 \beta} \right)}          \omega_a = \sin ^{-1} \left( \frac{\sin \beta}{\sin \varphi^{\prime}} \right) - \beta + 2 \eta          \omega_p = \sin ^{-1} \left( \frac{\sin \beta}{\sin \varphi^{\prime}} \right) + \beta - 2 \eta          \theta_a = \frac{\pi}{4} + \frac{\varphi^{\prime}}{2} + \frac{\beta}{2} - \frac{1}{2} \sin ^{-1} \left( \frac{\sin \beta}{\sin \varphi^{\prime}} \right)          \theta_p = \frac{\pi}{4} - \frac{\varphi^{\prime}}{2} + \frac{\beta}{2} + \frac{1}{2} \sin ^{-1} \left( \frac{\sin \beta}{\sin \varphi^{\prime}} \right)          P_a = \frac{1}{2} K_{aR} \gamma^{\prime} H_0^2          P_p = \frac{1}{2} K_{pR} \gamma^{\prime} H_0^2          \xi_a = \tan ^{-1} \left( \frac{\sin \varphi^{\prime} \sin \theta_a}{1 - \sin \varphi^{\prime} \cos \theta_a} \right)          \xi_p = \tan ^{-1} \left( \frac{\sin \varphi^{\prime} \sin \theta_p}{1 + \sin \varphi^{\prime} \cos \theta_a} \right)
groundhog.shallowfoundations.capacity,effectivearea_circle_api,foundation_radius,float,:math:`m`,:math:`m`,0.0,10000.0,False,,Radius of the circular foundation (:math:`R`) [:math:`m`]  - Suggested range: 0.01<=foundation_radius
groundhog.shallowfoundations.capacity,effectivearea_circle_api,vertical_load,float,:math:`kN`,:math:`kN`,,,False,nan,"Actual vertical load during relevant loading condition (:math:`Q`) [:math:`kN`] (optional, default=np.nan) - Suggested range: 0.01<=vertical_load"
groundhog.shallowfoundations.capacity,effectivearea_circle_api,overturning_moment,float,:math:`kNm`,:math:`kNm`,,,False,nan,"Overturning moment acting on the foundation (:math:`M`) [:math:`kNm`] (optional, default=np.nan) - Suggested range: 0.0<=overturning_moment"
groundhog.shallowfoundations.capacity,effectivearea_circle_api,eccentricity,float,:math:`m`,:math:`m`,,,False,nan,"Eccentricity (direct specification) (:math:`e_2`) [:math:`m`] (optional, default=np.nan) - Suggested range: 0.0<=eccentricity  .. math::     A^{\prime} = 2s=B^{\prime} L^{\prime}      L^{\prime}=\left( 2s \sqrt{\frac{R+e_2}{R-e_2}} \right)^{1/2}      B^{\prime} = L^{\prime} \sqrt{\frac{R-e_2}{R+e_2}}      s = \frac{\pi R^2}{2}-[e_2 \cdot (\sqrt{R^2-e_2^2}) + R^2 \arcsin(\frac{e_2}{R})]"
groundhog.shallowfoundations.capacity,effectivearea_rectangle_api,length,float,:math:`m`,:math:`m`,0.0,10000.0,False,,Longest foundation dimension (:math:`L`) [:math:`m`]  - Suggested range: 0.0<=length
groundhog.shallowfoundations.capacity,effectivearea_rectangle_api,width,float,:math:`m`,:math:`m`,0.0,10000.0,False,,Shortest foundation dimension (:math:`B`) [:math:`m`]  - Suggested range: 0.0<=width
groundhog.shallowfoundations.capacity,effectivearea_rectangle_api,vertical_load,float,:math:`kN`,:math:`kN`,,,False,nan,"Actual vertical load during relevant loading condition (:math:`Q`) [:math:`kN`] (optional, default=np.nan) - Suggested range: 0.001<=vertical_load"
groundhog.shallowfoundations.capacity,effectivearea_rectangle_api,moment_length,float,:math:`kNm`,:math:`kNm`,0.0,10000.0,False,nan,"Overturning moment aligned with longest foundation dimension (:math:`M_1`) [:math:`kNm`] (optional, default=np.nan) - Suggested range: 0.0<=moment_length"
groundhog.shallowfoundations.capacity,effectivearea_rectangle_api,moment_width,float,:math:`kNm`,:math:`kNm`,0.0,10000.0,False,nan,"Overturning moment aligned with shortest foundation dimension (:math:`M_2`) [:math:`kNm`] (optional, default=np.nan) - Suggested range: 0.0<=moment_width"
groundhog.shallowfoundations.capacity,effectivearea_rectangle_api,eccentricity_length,float,:math:`m`,:math:`m`,0.0,10000.0,False,nan,"Eccentricity (direct specification) in the longest foundation direction (:math:`e_1`) [:math:`m`] (optional, default=np.nan) - Suggested range: 0.0<=eccentricity_length"
groundhog.shallowfoundations.capacity,effectivearea_rectangle_api,eccentricity_width,float,:math:`m`,:math:`m`,0.0,10000.0,False,nan,"Eccentricity (direct specification) in the shortest foundation direction (:math:`e_2`) [:math:`m`] (optional, default=np.nan) - Suggested range: 0.0<=eccentricity_width  .. math::     e_1 = \frac{M_1}{Q}      e_2 = \frac{M_2}{Q}      L^{\prime} = L - 2 \cdot e_1      B^{\prime} = B - 2 \cdot e_2      A^{\prime} = B^{\prime} \cdot L^{\prime}"
groundhog.pipelinescables.stability.penetration,embedment_drained,penetration,float,m,m,0.0,10000.0,False,,Pipeline or cable penetration below virgin seabed (:math:`z`) [m] - Suggested range: 0.0 <= penetration <= 2.0
groundhog.pipelinescables.stability.penetration,embedment_drained,gamma_eff,float,kN/m3,kN/m3,5.0,30.0,False,,Submerged unit weight of the soil (:math:`\gamma^{\prime}`) [kN/m3] - Suggested range: 3.0 <= gamma_eff <= 12.0
groundhog.pipelinescables.stability.penetration,embedment_drained,phi_eff,float,deg,deg,0.0,60.0,False,,Effective friction angle of the soil (:math:`\varphi^{\prime}`) [deg] - Suggested range: 15.0 <= phi_eff <= 50.0
groundhog.pipelinescables.stability.penetration,embedment_drained,diameter,float,m,m,0.0,10000.0,False,,Pipeline or cable diameter (:math:`D`) [m] - Suggested range: 0.0 <= diameter <= 2.0
groundhog.pipelinescables.stability.penetration,embedment_drained,roughness_factor,float,:math:`-`,:math:`-`,,,False,0.67,"Pipeline roughness factor where 0 is fully smooth and 1 is fully rough, used when theory for :math:`N_{\gamma}` is set to ``'DavisBooker'`` (:math:`R_{inter}`) [:math:`-`] - Suggested range: 0.0 <= roughness_factor <= 1.0"
groundhog.pipelinescables.stability.penetration,embedment_drained,Ngamma_theory,str,1 - \cos \left( \frac{\pi}{4} + \frac{\varphi^{\prime}}{2} \right) \right,1 - \cos \left( \frac{\pi}{4} + \frac{\varphi^{\prime}}{2} \right) \right,0.0,50.0,False,Vesic,"Select the theoretical formulate of bearing capacity factor Ngamma (optional, default= 'Vesic') - Options: ('Vesic', 'Meyerhof', 'DavisBooker')  .. math::     Q_v = 0.5 \cdot \gamma^{\prime} \cdot N_{\gamma} \cdot B^2 + z_0 \cdot \gamma^{\prime} \cdot N_q \cdot d_q \cdot B          z_0 = 0 \quad \text{for } z < \frac{D}{2} \cdot \left[ 1 - \cos \left( \frac{\pi}{4} + \frac{\varphi^{\prime}}{2} \right) \right]          z_0 = z - \frac{D}{2} + \left[ \frac{D/2}{\sin \left( \pi/4 + \varphi^{\prime}/2 \right)} - B/2 \right] \cdot \tan \left( \frac{\pi}{4} + \frac{\varphi^{\prime}}{2} \right)  \quad \text{for } z \geq \frac{D}{2} \cdot \left[ 1 - \cos \left( \frac{\pi}{4} + \frac{\varphi^{\prime}}{2} \right) \right]          d_q = 1 + 1.2 \cdot \frac{z_0}{B} \cdot \tan \varphi^{\prime} \cdot \left( 1 - \sin \varphi^{\prime} \right)^2"
groundhog.pipelinescables.stability.penetration,embedment_undrained_method1,diameter,float,m,m,0.0,10000.0,False,,Pipeline diameter (:math:`D`) [m] - Suggested range: 0.01 <= diameter <= 2.0
groundhog.pipelinescables.stability.penetration,embedment_undrained_method1,undrained_shear_strength,float,kPa,kPa,0.0,1.0,False,,"Undrained shear strength at the seabed (:math:`s_(u,z=0}`) [kPa] - Suggested range: 0.0 <= undrained_shear_strength <= 500.0"
groundhog.pipelinescables.stability.penetration,embedment_undrained_method1,k_su,float,kPa/m,kPa/m,0.0,100000000.0,False,,Linear rate of undrained shear strength increase (:math:`\rho`) [kPa/m] - Suggested range: 0.0 <= k_su <= 10.0
groundhog.pipelinescables.stability.penetration,embedment_undrained_method1,gamma_eff,float,kN/m3,kN/m3,5.0,30.0,False,,Submerged unit weight (:math:`kN/m3`) [kN/m3] - Suggested range: 2.0 <= gamma_eff <= 12.0
groundhog.pipelinescables.stability.penetration,embedment_undrained_method1,penetration,float,m,m,0.0,10000.0,False,,Penetration depth for which the pipeline penetration is calculated (:math:`m`) [m] - Suggested range: 0.0 <= penetration <= 2.0
groundhog.pipelinescables.stability.penetration,embedment_undrained_method1,Nc,float,-,-,,,False,5.14,"Bearing capacity factor (:math:`N_c`) [-] - Suggested range: 4.0 <= Nc <= 9.0 (optional, default= 5.14)"
groundhog.pipelinescables.stability.penetration,embedment_undrained_method1,roughness,float,-,-,,,False,0.67,"Measure for the roughness of the pipe of cable (:math:`r`) [-] - Suggested range: 0.0 <= roughness <= 1.0 (optional, default= 0.67)  .. math::     Q_v = Q_{v0} \cdot \left( 1 + d_{ca} \right) + \gamma^{\prime} \cdot A_{bm}          Q_{v0} = F \cdot \left( N_c \cdot s_{u,0} + \rho \cdot B/4 \right) \cdot B          z_{su,0} = 0 \quad \text{for } z < \frac{D}{2} \cdot \left( 1 - \frac{\sqrt{2}}{2} \right)          z_{su,0} = z + \frac{D}{2} \cdot \left( \sqrt{2} - 1 \right) - \frac{B}{2} \quad \text{for } z \geq \frac{D}{2} \cdot \left( 1 - \frac{\sqrt{2}}{2} \right)          s_{u,0} = s_{u,z=0} + \rho \cdot z_{s_{u,0}}          d_{ca} = 0.3 \cdot \frac{s_{u,1}}{s_{u,2}} \cdot \arctan \left( \frac{z_{s_{u,0}}}{B} \right)          s_{u,1} = \frac{s_{u,z=0} + s_{u,0}}{2}          s_{u,2} = \frac{Q_{v0}}{B \cdot N_c}"
groundhog.pipelinescables.stability.penetration,embedment_undrained_method2,diameter,float,m,m,0.0,10000.0,False,,Pipeliine diameter (:math:`D`) [m] - Suggested range: 0.0 <= diameter <= 2.0
groundhog.pipelinescables.stability.penetration,embedment_undrained_method2,penetration,float,m,m,0.0,10000.0,False,,Pipeline penetration (:math:`z`) [m] - Suggested range: 0.0 <= penetration <= 2.0
groundhog.pipelinescables.stability.penetration,embedment_undrained_method2,undrained_shear_strength,float,kPa,kPa,0.0,1.0,False,,Undrained shear strength at the pipeline invert level (:math:`s_u`) [kPa] - Suggested range: 0.0 <= undrained_shear_strength <= 50.0
groundhog.pipelinescables.stability.penetration,embedment_undrained_method2,gamma_eff,float,kN/m3,kN/m3,5.0,30.0,False,,Submerged unit weight of the soil (:math:`\gamma^{\prime}`) [kN/m3] - Suggested range: 2.0 <= gamma_eff <= 12.0
groundhog.pipelinescables.stability.penetration,embedment_undrained_method2,calibration_factor_1,float,-,-,,,False,6.0,"First calibration factor (:math:`-`) [-] (optional, default= 6.0)"
groundhog.pipelinescables.stability.penetration,embedment_undrained_method2,calibration_factor_2,float,-,-,,,False,0.25,"Second calibration factor (:math:`-`) [-] (optional, default= 0.25)"
groundhog.pipelinescables.stability.penetration,embedment_undrained_method2,calibration_factor_3,float,-,-,,,False,3.4,"Third calibration factor (:math:`-`) [-] (optional, default= 3.4)"
groundhog.pipelinescables.stability.penetration,embedment_undrained_method2,calibration_factor_4,float,-,-,,,False,0.5,"Fourth calibration factor (:math:`-`) [-] (optional, default= 0.5)"
groundhog.pipelinescables.stability.penetration,embedment_undrained_method2,calibration_factor_5,float,-,-,,,False,1.5,"Calibration factor on then buoyancy term (:math:`-`) [-] (optional, default= 1.5)  .. math::     Q_v = \left[ \min \left( 6 \cdot \left( \frac{z}{D} \right)^{0.25}; 3.4 \cdot \left( \frac{10 \cdot z}{D} \right)^{0.5} \right) + 1.5 \cdot \frac{\gamma^{\prime} \cdot A_{bm}}{D \cdot s_u} \right] \cdot D \cdot s_u"
groundhog.shallowfoundations.capacity,envelope_drained_api,vertical_effective_stress,float,:math:`kPa`,:math:`kPa`,0.0,100000000.0,False,,Vertical effect stress at depth corresponding to foundation base (:math:`p_o^{\prime}`) [:math:`kPa`]  - Suggested range: 0.0<=vertical_effective_stress
groundhog.shallowfoundations.capacity,envelope_drained_api,effective_friction_angle,float,:math:`deg`,:math:`deg`,0.0,60.0,False,,Effective friction angle for bearing failure (for appropriate stress level at foundation base) (:math:`\phi^{\prime}`) [:math:`deg`]  - Suggested range: 20.0<=effective_friction_angle<=50.0
groundhog.shallowfoundations.capacity,envelope_drained_api,effective_unit_weight,float,:math:`kN/m3`,:math:`kN/m3`,,,False,,Effective unit weight at foundation base (:math:`\gamma^{\prime}`) [:math:`kN/m3`]  - Suggested range: 3.0<=effective_unit_weight<=12.0
groundhog.shallowfoundations.capacity,envelope_drained_api,effective_length,float,:math:`m`,:math:`m`,0.0,10000.0,False,,Effective length of the footing (:math:`L^{\prime}`) [:math:`m`]  - Suggested range: 0.0<=effective_length
groundhog.shallowfoundations.capacity,envelope_drained_api,effective_width,float,:math:`m`,:math:`m`,0.0,10000.0,False,,Minimum effective lateral dimension (:math:`B^{\prime}`) [:math:`m`]  - Suggested range: 0.0<=effective_width
groundhog.shallowfoundations.capacity,envelope_drained_api,full_area,float,:math:`m^2`,:math:`m^2`,,,False,,Full base area of the foundation (:math:`A_b`) [:math:`m^2`]  - Suggested range: 0.0<=full_area
groundhog.shallowfoundations.capacity,envelope_drained_api,factor_sliding,float,:math:`-`,:math:`-`,,,False,1.5,"Resistance factor for sliding, applied to the H component of the sliding cutoff (:math:`\gamma_{sliding}`) [:math:`-`] - Suggested range: factor_sliding >= 1.0 (optional, default= 1.5)"
groundhog.shallowfoundations.capacity,envelope_drained_api,factor_bearing,float,:math:`-`,:math:`-`,,,False,2.0,"Resistance factor for bearing failure, applied to the V component of the envelope (:math:`\gamma_{bearing}`) [:math:`-`] - Suggested range: factor_bearing >= 1.0 (optional, default= 2.0)"
groundhog.shallowfoundations.capacity,envelope_drained_api,effective_friction_angle_sliding,float,:math:`deg`,:math:`deg`,0.0,60.0,False,nan,"Effective friction angle for sliding failure (for appropriate stress level at foundation base). If unspecified, the effective friction angle of soil - 5° is used (:math:`\delta^{\prime}`) [:math:`deg`]  - Suggested range: 15.0<=effective_friction_angle<=45.0  .. math::     \tan(\text{inclination}) = \frac{H_{eff}}{Q} = \frac{H - H_{\text{outside eff}} - \Delta H}{Q}"
groundhog.shallowfoundations.capacity,envelope_undrained_api,su_base,float,:math:`kPa`,:math:`kPa`,0.0,100000000.0,False,,Undrained shear strength at the foundation base (:math:`S_{uo}`) [:math:`kPa`] - Suggested range: 0.0 <= su_base <= 1000.0
groundhog.shallowfoundations.capacity,envelope_undrained_api,full_area,float,:math:`m^2`,:math:`m^2`,,,False,,Total area at the base length (:math:`A_b`) [:math:`m^2`] - Suggested range: full_area >= 0.0
groundhog.shallowfoundations.capacity,envelope_undrained_api,effective_length,float,:math:`m`,:math:`m`,0.0,10000.0,False,,Effective length (:math:`L^{\prime}`) [:math:`m`] - Suggested range: effective_length >= 0.0
groundhog.shallowfoundations.capacity,envelope_undrained_api,effective_width,float,:math:`m`,:math:`m`,0.0,10000.0,False,,Effective width (:math:`B^{\prime}`) [:math:`m`] - Suggested range: effective_width >= 0.0
groundhog.shallowfoundations.capacity,envelope_undrained_api,factor_sliding,float,:math:`-`,:math:`-`,,,False,1.5,"Resistance factor for sliding, applied to the H component of the envelope (:math:`\gamma_{sliding}`) [:math:`-`] - Suggested range: factor_sliding >= 1.0 (optional, default= 1.5)"
groundhog.shallowfoundations.capacity,envelope_undrained_api,factor_bearing,float,:math:`-`,:math:`-`,,,False,2.0,"Resistance factor for bearing failure, applied to the V component of the envelope (:math:`\gamma_{bearing}`) [:math:`-`] - Suggested range: factor_bearing >= 1.0 (optional, default= 2.0)  .. math::     \Delta e = D \cdot \tan \theta"
core.manual_functions,example_manual_function,x,float,-,-,,,False,,First number
core.manual_functions,example_manual_function,y,float,-,-,,,False,,Second number
groundhog.deepfoundations.boreholestability.cavityexpansion,expansion_cylinder_tresca,insitu_pressure,float,:math:`kPa`,:math:`kPa`,0.0,100000000.0,False,,Isotropic horizontal stress in the soil mass before borehole excavation (:math:`p_0`) [:math:`kPa`] - Suggested range: insitu_pressure >= 0.0
groundhog.deepfoundations.boreholestability.cavityexpansion,expansion_cylinder_tresca,borehole_pressure,float,:math:`kPa`,:math:`kPa`,0.0,100000000.0,False,,Pressure on the borehole wall due to drilling fluids or concrete (:math:`p`) [:math:`kPa`] - Suggested range: borehole_pressure >= 0.0
groundhog.deepfoundations.boreholestability.cavityexpansion,expansion_cylinder_tresca,diameter,float,:math:`m`,:math:`m`,0.0,10000.0,False,,Borehole initial diameter (equations are formulated in terms of radius but diameter is more convenient as input) (:math:`2 \cdot a_0`) [:math:`m`] - Suggested range: diameter >= 0.0
groundhog.deepfoundations.boreholestability.cavityexpansion,expansion_cylinder_tresca,undrained_shear_strength,float,:math:`kPa`,:math:`kPa`,0.0,1.0,False,,Undrained shear strength of the material surrounding the borehole (:math:`S_u`) [:math:`kPa`] - Suggested range: undrained_shear_strength >= 0.0
groundhog.deepfoundations.boreholestability.cavityexpansion,expansion_cylinder_tresca,shear_modulus,float,:math:`kPa`,:math:`kPa`,0.0,100000000.0,False,,Shear modulus of the material surrounding the borehole (:math:`G`) [:math:`kPa`] - Suggested range: shear_modulus >= 0.0
groundhog.deepfoundations.boreholestability.cavityexpansion,expansion_cylinder_tresca,poissons_ratio,float,:math:`-`,:math:`-`,-1.0,0.5,False,0.5,"Poissons ratio of the material surrounding the borehole (default for undrained material)) (:math:`\nu`) [:math:`-`] - Suggested range: 0.0 <= poissons_ratio <= 0.5 (optional, default= 0.5)"
groundhog.deepfoundations.boreholestability.cavityexpansion,expansion_cylinder_tresca,max_radius_multiplier,float,:math:`-`,:math:`-`,0.0,10000.0,False,10.0,"Multiplier on borehole radius for determining the maximum extent of the calculation (:math:``) [:math:`-`] - Suggested range: max_radius_multiplier >= 1.0 (optional, default= 10.0)"
groundhog.deepfoundations.boreholestability.cavityexpansion,expansion_cylinder_tresca,number_radii,int,:math:`-`,:math:`-`,,,False,250,"Number of radii considered for the calculation (:math:``) [:math:`-`] (optional, default= 250)  .. math::     \text{Elastic properties}      n = \frac{4 \cdot S_u \cdot (1 - \nu^2) }{E}      E = 2 \cdot G \cdot (1 + \nu)      \text{Plastic radius and wall radius expansion during plastic deformation}      \left( \frac{c}{a} \right)^2 = \left( \frac{a_0}{a} \right)^2 + \frac{1}{n} \cdot \left[ 1 - \left( \frac{a_0}{a} \right)^2 \right]      \frac{p - p_0}{2 \cdot S_u} = \frac{1}{2} + \frac{1}{2} \cdot \ln \left[ \frac{G}{S_u} \cdot \left( 1 - \left( \frac{a_0}{a} \right)^2 \right) + \left( \frac{a_0}{a} \right)^2 \right]      \text{Elastic stresses and displacements can be calculated by taking the limit for the outer radius going to infinity}      \sigma_r = - p_0 - (p - p_0) \cdot \frac{\frac{b_0^2}{r^2} - 1}{\frac{b_0^2}{a_0^2} - 1}  \implies \sigma_r = -p_0 - (p - p_0) \cdot \frac{a_0^2}{r^2}      \sigma_{\theta} = -p_0 + (p - p_0) \cdot \frac{\frac{b_0^2}{r^2} + 1}{\frac{b_0^2}{a_0^2} - 1} \implies \sigma_{\theta} = -p_0 + (p - p_0) \cdot \frac{a_0^2}{r^2}      u = \frac{(1 + \nu) \cdot (p - p_0)}{E} \cdot \frac{a_0^2}{b_0^2 - a_0^2} \cdot \left[ (1 - 2 \cdot \nu) \cdot r + \frac{b_0^2}{r} \right] \implies u = \frac{(1 + \nu) \cdot (p - p_0)}{E} \cdot \frac{a_0^2}{r}      \text{The plasticity critertion can be expressed as:}      \sigma_{r,r=a_0} - \sigma_{theta,r=a_0} = 2 \cdot S_u \implies -(p - p_0)  = S_u      \text{The elastic stresses and displacements outside of the plastic zone can be written as:}      \sigma_r = -\frac{S_u \cdot c^2}{b_0^2} \cdot \left( \frac{b_0^2}{r^2} - 1 \right) - p_0 \implies \sigma_r = -\frac{S_u \cdot c^2}{r^2} - p_0      \sigma_{\theta} = \frac{S_u \cdot c^2}{b_0^2} \cdot \left( \frac{b_0^2}{r^2} + 1 \right) - p_0 \implies \sigma_{\theta} = \frac{S_u \cdot c^2}{r^2} - p_0      u = \frac{(1 + \nu) \cdot S_u \cdot c^2}{E \cdot b_0^2} \cdot \left[ (1 - 2 \cdot \nu) \cdot r + \frac{b_0^2}{r} \right] \implies u = \frac{(1 + \nu) \cdot S_u \cdot c^2}{E} \cdot \frac{1}{r}      \text{Stresses in the plastic zone:}      \sigma_r = -p_0 - S_u - 2 \cdot S_u \cdot \ln \left( \frac{c}{r} \right)      \sigma_{\theta} = -p_0 + S_u - 2 \cdot S_u \cdot \ln \left( \frac{c}{r} \right)"
groundhog.deepfoundations.boreholestability.cavityexpansion,expansion_tresca_thicksphere,undrained_shear_strength,float,:math:`kPa`,:math:`kPa`,0.0,1.0,False,,Undrained shear strength of the material surrounding the spherical cavity (:math:`S_u`) [:math:`kPa`] - Suggested range: undrained_shear_strength >= 0.0
groundhog.deepfoundations.boreholestability.cavityexpansion,expansion_tresca_thicksphere,internal_radius,float,:math:`m`,:math:`m`,0.0,10000.0,False,,Initial internal radius of the spherical cavity (:math:`a_0`) [:math:`m`] - Suggested range: internal_radius >= 0.0
groundhog.deepfoundations.boreholestability.cavityexpansion,expansion_tresca_thicksphere,external_radius,float,:math:`m`,:math:`m`,0.0,10000.0,False,,Initial external radius of the region (:math:`b_0`) [:math:`m`] - Suggested range: external_radius >= 0.0
groundhog.deepfoundations.boreholestability.cavityexpansion,expansion_tresca_thicksphere,internal_pressure,float,:math:`kPa`,:math:`kPa`,0.0,100000000.0,False,,Internal pressure applied on the inside of the sphere (:math:`p`) [:math:`kPa`] - Suggested range: internal_pressure >= 0.0
groundhog.deepfoundations.boreholestability.cavityexpansion,expansion_tresca_thicksphere,external_pressure,float,:math:`kPa`,:math:`kPa`,0.0,100000000.0,False,,External pressure on the outside of the sphere (:math:`p_0`) [:math:`kPa`] - Suggested range: external_pressure >= 0.0
groundhog.deepfoundations.boreholestability.cavityexpansion,expansion_tresca_thicksphere,youngs_modulus,float,:math:`kPa`,:math:`kPa`,0.0,100000000.0,False,,Young's modulus of the material (:math:`E`) [:math:`kPa`] - Suggested range: youngs_modulus >= 0.0
groundhog.deepfoundations.boreholestability.cavityexpansion,expansion_tresca_thicksphere,poissons_ratio,float,:math:`-`,:math:`-`,-1.0,0.5,False,,Poisson's ratio of the material (:math:`\nu`) [:math:`-`] - Suggested range: 0 <= poissons_ratio <= 0.5
groundhog.deepfoundations.boreholestability.cavityexpansion,expansion_tresca_thicksphere,seed,int,:math:`-`,:math:`-`,,,False,100,"Number of radii at which stresses and displacements are calculated (:math:``) [:math:`-`] (optional, default= 100)  .. math::     \text{Elastic solutions}      \sigma_r = -p_0 - (p - p_0) \frac{\left( \frac{b_0}{r} \right)^3 - 1}{\left( \frac{b_0}{a_0} \right)^3 - 1}      \sigma_{\theta} = \sigma_{\phi} = -p_0 + (p - p_0) \frac{\frac{1}{2} \left( \frac{b_0}{r} \right)^3 - 1}{\left( \frac{b_0}{a_0} \right)^3 - 1}      u = r - r_0 = \frac{p - p_0}{E} \frac{(1 - 2 \nu) r + \frac{(1 + \nu) b_0^3}{2 r^2}}{\left( \frac{b_0}{a_0} \right)^3 - 1}      \text{Yield criterion}      \sigma_1 - \sigma_3 = 2 \cdot S_u      \text{Internal pressure for yielding } (\sigma_1 = \sigma_{\theta}, \sigma_3 = \sigma_r)      p = p_{1y} = p_0 + \frac{4 \cdot S_u}{3} \left[ 1 - \left( \frac{a_0}{b_0} \right)^3 \right]      \text{Displacement at internal and external boundaries}      u |_{r=a_0} = \frac{2 \cdot S_u \cdot a_0}{E} \left[ \frac{2 \cdot (1 - 2 \nu) \cdot a_0^3 }{3 \cdot b_0^3} + \frac{1 + \nu}{3} \right]      u |_{r=b_0} = \frac{2 \cdot S_u \cdot (1 - \nu) \cdot a_0 }{E \cdot b_0^2}      \text{Stresses and displacements in the elastic region after yielding}      \sigma_r = - \frac{4 \cdot S_u \cdot c^3}{3 \cdot b_0^3} \left[ \left( \frac{b_0}{r} \right)^3 - 1 \right] - p_0      \sigma_{\theta} = \sigma_{\phi} = \frac{4 \cdot S_u \cdot c^3}{3 \cdot b_0^3} \left[ \frac{1}{2} \left( \frac{b_0}{r} \right)^3 + 1 \right] - p_0      u = \frac{4 \cdot S_u \cdot c^3}{3 \cdot E \cdot b_0^3} \left[ (1 - 2 \nu) \cdot r + \frac{(1 + \nu) b_0^3}{2 \cdot r^2} \right]      \text{Stresses in the plastic region}      \sigma_r = - 4 \cdot S_u \cdot \ln \left( \frac{c}{r} \right) - \frac{4 \cdot S_u}{3} \left[ 1 - \left( \frac{c}{b_0} \right)^3 \right] - p_0      \sigma_{\theta} = 2 \cdot S_u - 4 \cdot S_u \cdot \ln \left( \frac{c}{r} \right) - \frac{4 \cdot S_u}{3} \cdot \left[ 1 - \left( \frac{c}{b_0} \right)^3 \right] - p_0      \text{The pressure required to generate a plastic radius is thus}      p = 4 \cdot S_u \cdot \ln \left( \frac{c}{a} \right) + \frac{4 \cdot S_u}{3} \left[ 1 - \left( \frac{c}{b_0} \right)^3 \right] + p_0      \text{Expansion of the boundary}      \left( \frac{a}{a_0} \right)^3 = 1 + \frac{6 (1 - \nu) S_u c^3}{E \cdot a_0^3} - \frac{4 (1 - 2 \nu) S_u}{E} \left[ 3 \ln \left( \frac{c}{a_0} \right) + 1 - \left( \frac{c}{b_0} \right)^3 \right]"
groundhog.shallowfoundations.capacity,failuremechanism_prandtl,friction_angle,float,:math:`deg`,:math:`deg`,0.0,60.0,False,,Sand angle of internal friction (:math:`\varphi^{\prime}`) [:math:`deg`] - Suggested range: 0.0 <= friction_angle <= 60.0
groundhog.shallowfoundations.capacity,failuremechanism_prandtl,width,float,:math:`m`,:math:`m`,0.0,10000.0,False,,Width of the footing (full width) (:math:`B`) [:math:`m`] - Suggested range: width >= 0.0
groundhog.shallowfoundations.capacity,failuremechanism_prandtl,showfig,bool,m,m,,,False,True,"Boolean determining whether the plot of the failure surface is shown (optional, default= True)  .. math::     \theta = \frac{\pi}{4} + \frac{\varphi^{\prime}}{2}      r = r_0 \cdot e^{\frac{\pi}{2} \tan \varphi^{\prime}}"
groundhog.soildynamics.cptliquefaction,fos_liquefaction,sigma_vo,float,:math:`kPa`,:math:`kPa`,,,False,,Total vertical stress at the depth of interest (:math:`\sigma_v`) [:math:`kPa`] - Suggested range: sigma_vo >= 0.0
groundhog.soildynamics.cptliquefaction,fos_liquefaction,sigma_vo_eff,float,:math:`kPa`,:math:`kPa`,,,False,,Effective vertical stress at the depth of interest (:math:`\sigma_v^{\prime}`) [:math:`kPa`] - Suggested range: sigma_vo_eff >= 0.0
groundhog.soildynamics.cptliquefaction,fos_liquefaction,CRR,float,:math:`-`,:math:`-`,,,False,,Cyclic Resistance Ratio (:math:`CRR`) [:math:`-`] - Suggested range: 0.0 < CRR <= 1.0
groundhog.soildynamics.cptliquefaction,fos_liquefaction,CSR,float,:math:`-`,:math:`-`,,,False,,Cyclic Stress Ratio (:math:`CSR`) [:math:`-`] - Suggested range: CSR >= 0.0
groundhog.soildynamics.cptliquefaction,fos_liquefaction,MSF,float,:math:`-`,:math:`-`,,,False,,Magnitude Scaling Factor (:math:`MSF`) [:math:`-`] - Suggested range: 0.0 < MSF <= 2.0
groundhog.soildynamics.cptliquefaction,fos_liquefaction,K_sigma,float,:math:`-`,:math:`-`,,,False,,"Overburden correction factor (:math:`K_{\sigma}`) [:math:`-`] - Suggested range: 0.0 < K_sigma <= 2.0  .. math::     FoS = \min \left( \frac{CRR}{CSR} \cdot MSF \cdot K_{\sigma}, 5 \right)      \text{If } \sigma_v^{\prime} = \sigma_v, \text{ then } FoS = 5"
insitutests.pcpt_correlations,frictionangle_overburden_kleven,sigma_vo_eff,float,kPa,kPa,,,True,,"Effective vertical stress (<span class=""math-inline"">\sigma \prime _{vo}</span>) [<span class=""math-inline"">kPa</span>]  - Suggested range: 10.0<=sigma_vo_eff<=800.0"
insitutests.pcpt_correlations,frictionangle_overburden_kleven,relative_density,float,Percent,Percent,0.0,50.0,True,,"Relative density of sand (<span class=""math-inline"">D_r</span>) [<span class=""math-inline"">Percent</span>]  - Suggested range: 40.0<=relative_density<=100.0"
insitutests.pcpt_correlations,frictionangle_overburden_kleven,Ko,float,-,-,,,False,0.5,"Coefficient of lateral earth pressure at rest (<span class=""math-inline"">K_o</span>) [<span class=""math-inline"">-</span>] (optional, default=0.5) - Suggested range: 0.3<=Ko<=2.0"
insitutests.pcpt_correlations,frictionangle_overburden_kleven,max_friction_angle,float,deg,deg,0.0,60.0,False,45.0,"The maximum allowable effective friction angle (<span class=""math-inline"">\phi \prime _{max}</span>) [<span class=""math-inline"">deg</span>] (optional, default=45.0)"
correlations.cohesive,frictionangle_plasticityindex,plasticity_index,float,pct,pct,,,True,,"Plasticity index of the clay as determined from Atterberg limit tests (<span class=""math-inline"">PI</span>) [<span class=""math-inline"">pct</span>] - Suggested range: 5.0 <= plasticity_index <= 1000.0"
insitutests.pcpt_correlations,frictionangle_sand_kulhawymayne,qt,float,MPa,MPa,,,True,,"Total cone resistance (<span class=""math-inline"">q_t</span>) [<span class=""math-inline"">MPa</span>] - Suggested range: 0.0 <= qt <= 120.0"
insitutests.pcpt_correlations,frictionangle_sand_kulhawymayne,sigma_vo_eff,float,kPa,kPa,,,True,,"Vertical effective stress (<span class=""math-inline"">\sigma_{vo}^{\prime}</span>) [<span class=""math-inline"">kPa</span>] - Suggested range: sigma_vo_eff >= 0.0"
insitutests.pcpt_correlations,frictionangle_sand_kulhawymayne,atmospheric_pressure,float,kPa,kPa,0.0,100000000.0,False,100.0,"Atmospheric pressure used for normalisation (<span class=""math-inline"">P_a</span>) [<span class=""math-inline"">kPa</span>] (optional, default= 100.0)"
insitutests.pcpt_correlations,frictionangle_sand_kulhawymayne,coefficient_1,float,-,-,,,False,17.6,"First calibration coefficient (:math:``) [<span class=""math-inline"">-</span>] (optional, default= 17.6)"
insitutests.pcpt_correlations,frictionangle_sand_kulhawymayne,coefficient_2,float,-,-,,,False,11.0,"Second calibration coefficient (:math:``) [<span class=""math-inline"">-</span>] (optional, default= 11.0)"
insitutests.spt_correlations,frictionangle_spt_PHT,N1_60,float,-,-,,,True,,"Corrected SPT N value (<span class=""math-inline"">\left( N_1 \right)_{60}</span>) [-] - Suggested range: 0.0 <= N1_60 <= 60.0"
insitutests.spt_correlations,frictionangle_spt_PHT,intercept,float,deg,deg,,,False,27.1,"Intercept at N=0 (<span class=""math-inline"">-</span>) [deg] - Suggested range: 23.0 <= intercept <= 35.0 (optional, default= 27.1)"
insitutests.spt_correlations,frictionangle_spt_PHT,multiplier,float,deg/blow,deg/blow,,,False,0.3,"Multiplier on linear term (<span class=""math-inline"">-</span>) [deg/blow] - Suggested range: 0.1 <= multiplier <= 0.7 (optional, default= 0.3)"
insitutests.spt_correlations,frictionangle_spt_PHT,multiplier_quadratic,float,deg/blow^2,deg/blow^2,0.0,1.0,False,0.00054,"Multiplier on the quadratic term (<span class=""math-inline"">-</span>) [deg/blow^2] - Suggested range: 0.0001 <= multiplier_quadratic <= 0.001 (optional, default= 0.00054)"
insitutests.spt_correlations,frictionangle_spt_kulhawymayne,N,float,-,-,,,True,,"SPT N number (<span class=""math-inline"">N</span>) [<span class=""math-inline"">-</span>] - Suggested range: 0.0 <= N <= 60.0"
insitutests.spt_correlations,frictionangle_spt_kulhawymayne,sigma_vo_eff,float,kPa,kPa,,,True,,"Vertical effective stress (<span class=""math-inline"">\sigma_{vo}^{\prime}</span>) [<span class=""math-inline"">kPa</span>] - Suggested range: 0.0 <= sigma_vo_eff <= 1000.0"
insitutests.spt_correlations,frictionangle_spt_kulhawymayne,atmospheric_pressure,float,kPa,kPa,0.0,100000000.0,False,100.0,"Atmospheric pressure (<span class=""math-inline"">P_a</span>) [<span class=""math-inline"">kPa</span>] - Suggested range: 90.0 <= atmospheric_pressure <= 110.0 (optional, default= 100.0)"
insitutests.spt_correlations,frictionangle_spt_kulhawymayne,coefficient_1,float,-,-,,,False,12.2,"First calibration coefficient (:math:``) [<span class=""math-inline"">-</span>] (optional, default= 12.2)"
insitutests.spt_correlations,frictionangle_spt_kulhawymayne,coefficient_2,float,-,-,,,False,20.3,"Second  calibration coefficient (:math:``) [<span class=""math-inline"">-</span>] (optional, default= 20.3)"
insitutests.spt_correlations,frictionangle_spt_kulhawymayne,coefficient_3,float,-,-,,,False,0.34,"Third calibration coefficient (:math:``) [<span class=""math-inline"">-</span>] (optional, default= 0.34)"
groundhog.general.parameter_mapping,get_projected_point,lon1,float,-,-,,,False,,Lon1
groundhog.general.parameter_mapping,get_projected_point,lat1,float,-,-,,,False,,Lat1
groundhog.general.parameter_mapping,get_projected_point,lon2,float,-,-,,,False,,Lon2
groundhog.general.parameter_mapping,get_projected_point,lat2,float,-,-,,,False,,Lat2
groundhog.general.parameter_mapping,get_projected_point,lon3,float,-,-,,,False,,Lon3
groundhog.general.parameter_mapping,get_projected_point,lat3,float,-,-,,,False,,Lat3
insitutests.pcpt_correlations,gmax_clay_maynerix,qc,float,MPa,MPa,0.0,100000000.0,True,,"Cone tip resistance (<span class=""math-inline"">q_c</span>) [<span class=""math-inline"">MPa</span>] - Suggested range: 0.0 <= qc <= 120.0"
insitutests.pcpt_correlations,gmax_clay_maynerix,multiplier,float,-,-,,,False,2.78,"Multiplier in the equation (:math:``) [<span class=""math-inline"">-</span>] (optional, default= 2.78)"
insitutests.pcpt_correlations,gmax_clay_maynerix,exponent,float,-,-,,,False,1.335,"Exponent in the equation (:math:``) [<span class=""math-inline"">-</span>] (optional, default= 1.335)"
insitutests.pcpt_correlations,gmax_cpt_puechen,qc,float,MPa,MPa,0.0,100000000.0,True,,"Cone tip resistance (<span class=""math-inline"">q_c</span>) [<span class=""math-inline"">MPa</span>] - Suggested range: 0.0 <= qc <= 70.0"
insitutests.pcpt_correlations,gmax_cpt_puechen,sigma_vo_eff,float,kPa,kPa,,,True,,"Vertical effective stress (<span class=""math-inline"">\sigma_{vo}^{\prime}</span>) [<span class=""math-inline"">kPa</span>] - Suggested range: sigma_vo_eff >= 0.0"
insitutests.pcpt_correlations,gmax_cpt_puechen,Bq,float,-,-,,,True,,"Pore pressure ratio (<span class=""math-inline"">B_q</span>) [<span class=""math-inline"">-</span>] - Suggested range: -0.2 <= Bq <= 0.5"
insitutests.pcpt_correlations,gmax_cpt_puechen,coefficient_b,float,-,-,,,False,1.0,"Calibration coefficient b (<span class=""math-inline"">b</span>) [<span class=""math-inline"">-</span>] (optional, default= 1.0)"
insitutests.pcpt_correlations,gmax_cpt_puechen,coefficient_Bq,float,-,-,,,False,4.0,"Multiplier on Bq (:math:``) [<span class=""math-inline"">-</span>] (optional, default= 4.0)"
insitutests.pcpt_correlations,gmax_cpt_puechen,multiplier_qc,float,-,-,0.0,100000000.0,False,1.634,"Multiplier applied on qc (:math:``) [<span class=""math-inline"">-</span>] (optional, default= 1.634)"
insitutests.pcpt_correlations,gmax_cpt_puechen,exponent_1,float,-,-,,,False,0.25,"Exponent on qc (:math:``) [<span class=""math-inline"">-</span>] (optional, default= 0.25)"
insitutests.pcpt_correlations,gmax_cpt_puechen,exponent_2,float,-,-,,,False,0.375,"Exponent on vertical effective stress (:math:``) [<span class=""math-inline"">-</span>] (optional, default= 0.375)"
insitutests.pcpt_correlations,gmax_cpt_puechen,Bq_min,float,-,-,,,False,0,"Minimum value of Bq. If Bq is lower than this value, the minimum will be used for the calculation [<span class=""math-inline"">-</span>] (optional, default= 0)"
insitutests.pcpt_correlations,gmax_cpt_puechen,Bq_max,float,-,-,,,False,0.5,"Maximum value of Bq. If Bq is higher than this value, the maximum will be used for the calculation [<span class=""math-inline"">-</span>] (optional, default= 0.5)"
correlations.cohesive,gmax_plasticityocr_andersen,pi,float,pct,pct,,,True,,"Plasticity index (difference between liquid limit and plastic limit) (<span class=""math-inline"">PI</span>) [<span class=""math-inline"">pct</span>] - Suggested range: 0.0 <= PI <= 160.0"
correlations.cohesive,gmax_plasticityocr_andersen,ocr,float,-,-,,,True,,"Overconsolidation ratio of the clay (<span class=""math-inline"">OCR</span>) [<span class=""math-inline"">-</span>] - Suggested range: 1.0 <= OCR <= 40.0"
correlations.cohesive,gmax_plasticityocr_andersen,sigma_vo_eff,float,kPa,kPa,,,True,,"Vertical effective stress (<span class=""math-inline"">\sigma_{vo}^{\prime}</span>) [<span class=""math-inline"">kPa</span>] - Suggested range: 0.0 <= sigma_vo_eff <= 1000.0"
correlations.cohesive,gmax_plasticityocr_andersen,atmospheric_pressure,float,kPa,kPa,0.0,100000000.0,False,100.0,"Atmospheric pressure (<span class=""math-inline"">P_a</span>) [<span class=""math-inline"">kPa</span>] - Suggested range: 90.0 <= atmospheric_pressure <= 110.0 (optional, default= 100.0)"
correlations.cohesive,gmax_plasticityocr_andersen,coefficient_1,float,-,-,,,False,30.0,"First calibration coefficient (:math:``) [<span class=""math-inline"">-</span>] (optional, default= 30.0)"
correlations.cohesive,gmax_plasticityocr_andersen,coefficient_2,float,-,-,,,False,75.0,"Second calibration coefficient (:math:``) [<span class=""math-inline"">-</span>] (optional, default= 75.0)"
correlations.cohesive,gmax_plasticityocr_andersen,coefficient_3,float,-,-,,,False,0.03,"Third calibration coefficient (:math:``) [<span class=""math-inline"">-</span>] (optional, default= 0.03)"
correlations.cohesive,gmax_plasticityocr_andersen,coefficient_4,float,-,-,,,False,0.5,"Fourth calibration coefficient (exponent for OCR) (:math:``) [<span class=""math-inline"">-</span>] (optional, default= 0.5)"
correlations.cohesive,gmax_plasticityocr_andersen,coefficient_5,float,-,-,,,False,0.9,"Fifth calibration coefficient (exponent for sigma_ref) (:math:``) [<span class=""math-inline"">-</span>] (optional, default= 0.9)"
correlations.cohesionless,gmax_sand_hardinblack,sigma_m0,float,kPa,kPa,,,True,,"Mean effective stress (<span class=""math-inline"">p^{\prime}</span>) [<span class=""math-inline"">kPa</span>] - Suggested range: 0.0 <= sigma_m0 <= 500.0"
correlations.cohesionless,gmax_sand_hardinblack,void_ratio,float,-,-,0.05,5.0,True,,"In-situ void ratio of the sand (<span class=""math-inline"">e_0</span>) [<span class=""math-inline"">-</span>] - Suggested range: 0.0 <= void_ratio <= 4.0"
correlations.cohesionless,gmax_sand_hardinblack,coefficient_B,float,-,-,,,False,875.0,"Calibration coefficient (<span class=""math-inline"">B</span>) [<span class=""math-inline"">-</span>] (optional, default= 875.0)"
correlations.cohesionless,gmax_sand_hardinblack,pref,float,kPa,kPa,,,False,100.0,"Reference pressure (<span class=""math-inline"">p_{ref}^{\prime}</span>) [<span class=""math-inline"">kPa</span>] (optional, default= 100.0)"
insitutests.pcpt_correlations,gmax_sand_rixstokoe,qc,float,MPa,MPa,0.0,100000000.0,True,,"Cone tip resistance (<span class=""math-inline"">q_c</span>) [<span class=""math-inline"">MPa</span>] - Suggested range: 0.0 <= qc <= 120.0"
insitutests.pcpt_correlations,gmax_sand_rixstokoe,sigma_vo_eff,float,kPa,kPa,,,True,,"Vertical effective stress (<span class=""math-inline"">\sigma_{vo}^{\prime}</span>) [<span class=""math-inline"">kPa</span>] - Suggested range: sigma_vo_eff >= 0.0"
insitutests.pcpt_correlations,gmax_sand_rixstokoe,multiplier,float,-,-,,,False,1634.0,"Multiplier in the correlation equation (:math:``) [<span class=""math-inline"">-</span>] (optional, default= 1634.0)"
insitutests.pcpt_correlations,gmax_sand_rixstokoe,qc_exponent,float,-,-,0.0,100000000.0,False,0.25,"Exponent applied on the cone tip resistance (:math:``) [<span class=""math-inline"">-</span>] (optional, default= 0.25)"
insitutests.pcpt_correlations,gmax_sand_rixstokoe,stress_exponent,float,-,-,0.0,100000000.0,False,0.375,"Exponent applied on the vertical effective stress (:math:``) [<span class=""math-inline"">-</span>] (optional, default= 0.375)"
groundhog.soildynamics.soilproperties,gmax_shearwavevelocity,Vs,float,:math:`m/s`,:math:`m/s`,,,False,,Shear wave velocity (:math:`V_s`) [:math:`m/s`] - Suggested range: 0.0 <= Vs <= 600.0
groundhog.soildynamics.soilproperties,gmax_shearwavevelocity,gamma,float,:math:`kN/m3`,:math:`kN/m3`,5.0,30.0,False,,Bulk unit weight (:math:`\gamma`) [:math:`kN/m3`] - Suggested range: 12.0 <= gamma <= 22.0
groundhog.soildynamics.soilproperties,gmax_shearwavevelocity,g,float,:math:`m/s2`,:math:`m/s2`,,,False,9.81,"Acceleration due to gravity (:math:`g`) [:math:`m/s2`] - Suggested range: 9.7 <= g <= 10.2 (optional, default= 9.81)  .. math::     G_{max} = \rho \cdot V_s^2      \rho = \gamma / g"
insitutests.pcpt_correlations,gmax_voidratio_maynerix,qc,float,MPa,MPa,0.0,100000000.0,True,,"Cone tip resistance (<span class=""math-inline"">q_c</span>) [<span class=""math-inline"">MPa</span>] - Suggested range: 0.1 <= qc <= 10.0"
insitutests.pcpt_correlations,gmax_voidratio_maynerix,void_ratio,float,-,-,0.05,5.0,True,,"Void ratio of the clay determined from index tests or CPT-based correlations (<span class=""math-inline"">e_0</span>) [<span class=""math-inline"">-</span>] - Suggested range: 0.2 <= void_ratio <= 10.0"
insitutests.pcpt_correlations,gmax_voidratio_maynerix,atmospheric_pressure,float,kPa,kPa,0.0,100000000.0,False,100.0,"Atmospheric pressure (<span class=""math-inline"">P_a</span>) [<span class=""math-inline"">kPa</span>] - Suggested range: 90.0 <= atmospheric_pressure <= 110.0 (optional, default= 1.0)"
insitutests.pcpt_correlations,gmax_voidratio_maynerix,coefficient_1,float,-,-,,,False,99.5,"First calibration coefficient (:math:``) [<span class=""math-inline"">-</span>] (optional, default= 99.5)"
insitutests.pcpt_correlations,gmax_voidratio_maynerix,coefficient_2,float,-,-,,,False,0.305,"Second  calibration coefficient (:math:``) [<span class=""math-inline"">-</span>] (optional, default= 0.305)"
insitutests.pcpt_correlations,gmax_voidratio_maynerix,coefficient_3,float,-,-,,,False,0.695,"Third calibration coefficient (:math:``) [<span class=""math-inline"">-</span>] (optional, default= 0.695)"
insitutests.pcpt_correlations,gmax_voidratio_maynerix,coefficient_4,float,-,-,,,False,1.13,"Fourth calibration coefficient (:math:``) [<span class=""math-inline"">-</span>] (optional, default= 1.13)"
correlations.cohesionless,hssmall_parameters_sand,relative_density,float,pct,pct,0.0,50.0,True,,"Relative density of sand (<span class=""math-inline"">D_r</span>) [<span class=""math-inline"">pct</span>] - Suggested range: 10.0 <= relative_density <= 100.0"
groundhog.consolidation.groundwaterflow.pumpingtests,hydraulicconductivity_unconfinedaquifer,radius_1,float,:math:`m`,:math:`m`,0.0,10000.0,False,,Radial distance between the axis of the pumping well and the first standpipe (:math:`r_1`) [:math:`m`] - Suggested range: radius_1 >= 0.0
groundhog.consolidation.groundwaterflow.pumpingtests,hydraulicconductivity_unconfinedaquifer,radius_2,float,:math:`m`,:math:`m`,0.0,10000.0,False,,Radial distance between the axis of the pumping well and the second standpipe (:math:`r_2`) [:math:`m`] - Suggested range: radius_2 >= 0.0
groundhog.consolidation.groundwaterflow.pumpingtests,hydraulicconductivity_unconfinedaquifer,piezometric_height_1,float,:math:`m`,:math:`m`,0.0,10000.0,False,,Piezometric height in the first standpipe (:math:`h_1`) [:math:`m`] - Suggested range: piezometric_height_1 >= 0.0
groundhog.consolidation.groundwaterflow.pumpingtests,hydraulicconductivity_unconfinedaquifer,piezometric_height_2,float,:math:`m`,:math:`m`,0.0,10000.0,False,,Piezometric height in the second standpipe (:math:`h_2`) [:math:`m`] - Suggested range: piezometric_height_2 >= 0.0
groundhog.consolidation.groundwaterflow.pumpingtests,hydraulicconductivity_unconfinedaquifer,flowrate,float,:math:`m3/s`,:math:`m3/s`,,,False,,Flowrate extracted from the pumping well (:math:`q_z`) [:math:`m3/s`] - Suggested range: flowrate >= 0.0  .. math::     i = \frac{dz}{dr}          A = 2 \pi r z          q_z = 2 \pi r z k \frac{dz}{dr}          q_z \int_{r_1)^{r_2} \frac{dr}{r} = 2 k \pi \int_{h_1}^{h_2} z dz          k = \frac{q_z \ln \left( r_2 / r_1 \right)}{\pi \left( h_2^2 - h_1^2 \right) }
insitutests.pcpt_correlations,ic_soilclass_robertson,ic,float,-,-,,,True,,"Soil behaviour type index (<span class=""math-inline"">I_c</span>) [<span class=""math-inline"">-</span>] - Suggested range: 1.0 <= ic <= 5.0"
correlations.general,k0_frictionangle_mesri,phi_cs,float,deg,deg,0.0,60.0,True,,"Critical state friction angle (<span class=""math-inline"">\varphi_{cs}^{\prime}</span>) [<span class=""math-inline"">deg</span>] - Suggested range: 0.01 <= grain_size <= 2.0"
correlations.general,k0_frictionangle_mesri,ocr,float,-,-,,,False,1,"Overconsolidation ratio (<span class=""math-inline"">\text{OCR}</span>) [<span class=""math-inline"">-</span>] (optional, default= 1, suggested range: 1 <= OCR < 30)"
correlations.cohesive,k0_plasticity_kenney,pi,float,pct,pct,,,True,,"Plasticity index (<span class=""math-inline"">\text{PI}</span>) [<span class=""math-inline"">pct</span>] - Suggested range: 5 <= PI <= 80"
correlations.cohesive,k0_plasticity_kenney,ocr,float,-,-,,,False,1,"Overconsolidation ratio (<span class=""math-inline"">\text{OCR}</span>) [<span class=""math-inline"">-</span>] (optional, default= 1, suggested range: 1 <= OCR < 30)"
correlations.cohesive,k0_plasticity_kenney,coeff_1,float,-,-,,,False,0.19,"First calibration coefficient (optional, default=0.19)"
correlations.cohesive,k0_plasticity_kenney,coeff_2,float,-,-,,,False,0.233,"Second calibration coefficient (optional, default=0.233)"
correlations.cohesive,k0_plasticity_kenney,coeff_3,float,-,-,,,False,-281,"First calibration coefficient (optional, default=-281)"
correlations.cohesive,k0_plasticity_kenney,coeff_4,float,-,-,,,False,1.85,"Second calibration coefficient (optional, default=1.85)"
insitutests.pcpt_correlations,k0_sand_mayne,qt,float,MPa,MPa,,,True,,"Total cone resistance (<span class=""math-inline"">q_t</span>) [<span class=""math-inline"">MPa</span>] - Suggested range: 0.0 <= qt <= 100.0"
insitutests.pcpt_correlations,k0_sand_mayne,sigma_vo_eff,float,kPa,kPa,,,True,,"Vertical effective stress (<span class=""math-inline"">\sigma_{vo}^{\prime}</span>) [<span class=""math-inline"">kPa</span>] - Suggested range: sigma_vo_eff >= 0.0"
insitutests.pcpt_correlations,k0_sand_mayne,ocr,float,-,-,,,True,,"Overconsolidation ratio (<span class=""math-inline"">OCR</span>) [<span class=""math-inline"">-</span>] - Suggested range: 1.0 <= ocr <= 20.0"
insitutests.pcpt_correlations,k0_sand_mayne,atmospheric_pressure,float,kPa,kPa,0.0,100000000.0,False,100.0,"Atmospheric pressure (<span class=""math-inline"">P_a</span>) [<span class=""math-inline"">kPa</span>] - Suggested range: 90.0 <= atmospheric_pressure <= 110.0 (optional, default= 100.0)"
insitutests.pcpt_correlations,k0_sand_mayne,multiplier,float,-,-,,,False,0.192,"Multiplier in equation (:math:``) [<span class=""math-inline"">-</span>] (optional, default= 0.192)"
insitutests.pcpt_correlations,k0_sand_mayne,exponent_1,float,-,-,,,False,0.22,"First exponent in equation (:math:``) [<span class=""math-inline"">-</span>] (optional, default= 0.22)"
insitutests.pcpt_correlations,k0_sand_mayne,exponent_2,float,-,-,,,False,0.31,"Second exponent in equation (:math:``) [<span class=""math-inline"">-</span>] (optional, default= 0.31)"
insitutests.pcpt_correlations,k0_sand_mayne,exponent_3,float,-,-,,,False,0.27,"Third exponent in equation (:math:``) [<span class=""math-inline"">-</span>] (optional, default= 0.27)"
insitutests.pcpt_correlations,k0_sand_mayne,friction_angle,float,deg,deg,0.0,60.0,False,32.0,"Effective friction angle of the sand (<span class=""math-inline"">\varphi^{\prime}</span>) [<span class=""math-inline"">deg</span>] - Suggested range: 25.0 <= friction_angle <= 45.0 (optional, default= 32.0)"
groundhog.general.parameter_mapping,latlon_distance,lon1,float,-,-,,,False,,Longitude (easting) of the first point
groundhog.general.parameter_mapping,latlon_distance,lat1,float,-,-,,,False,,Latitude (northing) of the first point
groundhog.general.parameter_mapping,latlon_distance,lon2,float,-,-,,,False,,Longitude (easting) of the second point
groundhog.general.parameter_mapping,latlon_distance,lat2,float,-,-,,,False,,Latitude (northing) of the second point
groundhog.pipelinescables.stability.penetration,lay_touchdown_factor,penetration,float,m,m,0.0,10000.0,False,,Pipeline penetration after laying (:math:`z_{ini}`) [m] - Suggested range: 0.0 <= penetration <= 2.0
groundhog.pipelinescables.stability.penetration,lay_touchdown_factor,submerged_weight,float,kN/m,kN/m,0.0,100000000.0,False,,Submerged weight of the pipeline during installation (:math:`W_i`) [kN/m] - Suggested range: submerged_weight >= 0.0
groundhog.pipelinescables.stability.penetration,lay_touchdown_factor,seabed_stiffness,float,kN/m/m,kN/m/m,,,False,,Stiffness of the seabed (penetration resistance divided by penetration) (:math:`k=Q_v/W_i`) [kN/m/m] - Suggested range: seabed_stiffness >= 0.0
groundhog.pipelinescables.stability.penetration,lay_touchdown_factor,lay_tension,float,kN,kN,,,False,,Lay tension during laydown (:math:`T_0`) [kN] - Suggested range: lay_tension >= 0.0
groundhog.pipelinescables.stability.penetration,lay_touchdown_factor,bending_stiffness,float,kNm2,kNm2,,,False,,Bending stiffness of the pipeline (:math:`EI`) [kNm2] - Suggested range: bending_stiffness >= 0.0
groundhog.pipelinescables.stability.penetration,lay_touchdown_factor,calibration_factor1,float,-,-,,,False,0.6,"First calibration factor (:math:`-`) [-] (optional, default= 0.6)"
groundhog.pipelinescables.stability.penetration,lay_touchdown_factor,calibration_factor2,float,-,-,,,False,0.4,"Second calibration factor (:math:`-`) [-] (optional, default= 0.4)  .. math::     k_{lay} = 0.6 + 0.4 \cdot \left( \frac{EI \cdot k \cdot W_i}{z_{ini} \cdot T_0^2} \right)^{0.25} \geq 1 \quad \text{for } T_0 > \left[ 3 \cdot \sqrt{EI} \cdot W_i \right]^{2/3}          k = Q_v \ W_i"
groundhog.standards.eurocode7.parameter_selection,linear_trend,data,float,(x_i - \bar{x}) - b (z_i - \bar{z}) \right,(x_i - \bar{x}) - b (z_i - \bar{z}) \right,,,False,,List or numpy array with the measurements. The number of measurements is derived from the length.
groundhog.standards.eurocode7.parameter_selection,linear_trend,depths,float,(x_i - \bar{x}) - b (z_i - \bar{z}) \right,(x_i - \bar{x}) - b (z_i - \bar{z}) \right,0.0,10000.0,False,,List or numpy array with the depths. The number of depths needs to be identical to the number of measurements.
groundhog.standards.eurocode7.parameter_selection,linear_trend,requested_depths,float,(x_i - \bar{x}) - b (z_i - \bar{z}) \right,(x_i - \bar{x}) - b (z_i - \bar{z}) \right,0.0,10000.0,False,,List or numpy array with the depths where the characteristic value is requested.
groundhog.standards.eurocode7.parameter_selection,linear_trend,mode,str,(x_i - \bar{x}) - b (z_i - \bar{z}) \right,(x_i - \bar{x}) - b (z_i - \bar{z}) \right,,,False,Low,"Determines whether a local low value ``""Low""`` or mean vaue ``""Mean""`` needs to be taken"
groundhog.standards.eurocode7.parameter_selection,linear_trend,confidence,float,(x_i - \bar{x}) - b (z_i - \bar{z}) \right,(x_i - \bar{x}) - b (z_i - \bar{z}) \right,,,False,0.95,Confidence level used for calculations (default = 95%)  .. math::     x^{*} = \bar{x} + b ( z - \bar{z} )      \bar{x} = \frac{1}{n} \left( x_1 + x_2 + ... + x_n \right)      \bar{z} = \frac{1}{n} \left( z_1 + z_2 + ... + z_n \right)      b = \frac{\sum_{i=1}^n (x_i - \bar{x}) (z_i - \bar{z})}{\sum_{i=1}^n (z_i - \bar{z})^2}      \text{Mean value}      s_1 = \sqrt{ \frac{1}{n-2} \left( \frac{1}{n} + \frac{(z- \bar{z})^2}{\sum_{i=1}^{n} (z_i - \bar{z})^2} \right) \sum_{i=1}^n \left[ (x_i - \bar{x}) - b (z_i - \bar{z}) \right]^2 }      X_k = \left[ \bar{x} + b (z - \bar{z}) \right] - t_{n-2}^{0.95} s_1      \text{Local low value}      s_2 = \sqrt{ \frac{1}{n-2} \left(1+ \frac{1}{n} + \frac{(z- \bar{z})^2}{\sum_{i=1}^{n} (z_i - \bar{z})^2} \right) \sum_{i=1}^n \left[ (x_i - \bar{x}) - b (z_i - \bar{z}) \right]^2 }      X_k = \left[ \bar{x} + b (z - \bar{z}) \right] - t_{n-2}^{0.95} s_2
groundhog.soildynamics.liquefaction,liquefaction_robertsonfear,qc,float,:math:`MPa`,:math:`MPa`,0.0,100000000.0,False,,Cone tip resistance (:math:`q_c`) [:math:`MPa`] - Suggested range: 0.0 <= qc <= 120.0
groundhog.soildynamics.liquefaction,liquefaction_robertsonfear,sigma_vo_eff,float,:math:`kPa`,:math:`kPa`,,,False,,Vertical effective stress (:math:`\sigma_{vo}^{\prime}`) [:math:`kPa`] - Suggested range: sigma_vo_eff >= 0.0
groundhog.soildynamics.liquefaction,liquefaction_robertsonfear,CSR,float,:math:`-`,:math:`-`,,,False,,Seismic shear stress ratio (:math:`CSR = \tau_{avg} / \sigma_{vo}^{\prime}`) [:math:`-`] - Suggested range: 0.073 <= CSR <= 0.49
groundhog.soildynamics.liquefaction,liquefaction_robertsonfear,atmospheric_pressure,float,:math:`kPa`,:math:`kPa`,0.0,100000000.0,False,100.0,"Atmospheric pressure used for normalisation (:math:`p_a`) [:math:`kPa`] - Suggested range: 90.0 <= atmospheric_pressure <= 110.0 (optional, default= 100.0)  .. math::     q_{c1} = (q_c / p_a) ( p_a /  \sigma_{vo}^{\prime} )^{0.5}"
groundhog.soildynamics.cptliquefaction,liquefaction_strains_zhang,FoS_liq,float,:math:`-`,:math:`-`,,,False,,Safety factor against liquefaction (:math:`FoS_{liq}`) [:math:`-`]                   - Suggested range: :math:`0.0 \leq FoS_{liq} \leq 5.0`
groundhog.soildynamics.cptliquefaction,liquefaction_strains_zhang,relative_density,float,:math:`-`,:math:`-`,0.0,50.0,False,,Relative density (:math:`D_r`) [:math:`-`]                            - Suggested range: :math:`0.0 \leq D_r \leq 2.0`
groundhog.soildynamics.cptliquefaction,liquefaction_strains_zhang,Qtn_cs,float,:math:`-`,:math:`-`,,,False,,"Normalized cone resistance corrected for fines (:math:`Q_{tn,cs}`) [:math:`-`]                  - Suggested range: :math:`33 \leq Q_{tn,cs} \leq 200`  .. math::     \epsilon_{liq} =     \begin{cases}      102 \cdot Q_{tn,cs}^{-0.82}, & 0.0 \leq FoS_{liq} \leq 0.55, 33 \leq Q_{tn,cs} \leq 200 \\     2411 \cdot Q_{tn,cs}^{-1.45}, & 0.55 < FoS_{liq} \leq 0.65, 147 < Q_{tn,cs} \leq 200 \\     1690 \cdot Q_{tn,cs}^{-1.46}, & 0.75 < FoS_{liq} \leq 0.85, 80 < Q_{tn,cs} \leq 200 \\     5.8, & Q_{tn,cs} < 33, FoS_{liq} < 1 \\     \end{cases}  .. math::     \gamma_{liq} =     \begin{cases}      3.26 \cdot FoS_{liq}^{-1.80}, & D_r \geq 0.8, 0.7 \leq FoS_{liq} < 2.0 \\     6.2, & D_r \geq 0.8, FoS_{liq} < 0.7 \\     3.58 \cdot FoS_{liq}^{-4.42}, & D_r \geq 0.5, 0.66 \leq FoS_{liq} < 2.0 \\     250 (1 - FoS_{liq}) + 3.5, & 0.81 \leq FoS_{liq} < 1.0 \\     51.2, & FoS_{liq} < 0.81 \\     0, &    ext{otherwise}     \end{cases}"
groundhog.soildynamics.liquefaction,liquefactionprobability_moss,qc,float,:math:`MPa`,:math:`MPa`,0.0,100000000.0,False,,Cone tip resistance (:math:`q_c`) [:math:`MPa`] - Suggested range: 0.0 <= qc <= 120.0
groundhog.soildynamics.liquefaction,liquefactionprobability_moss,sigma_vo_eff,float,:math:`kPa`,:math:`kPa`,,,False,,Vertical effective stress at depth of interest (:math:`\sigma_{vo}^{\prime}`) [:math:`kPa`] - Suggested range: sigma_vo_eff >= 0.0
groundhog.soildynamics.liquefaction,liquefactionprobability_moss,Rf,float,:math:`pct`,:math:`pct`,,,False,,Friction ratio (:math:`R_f`) [:math:`pct`] - Suggested range: 0.0 <= Rf <= 10.0
groundhog.soildynamics.liquefaction,liquefactionprobability_moss,CSR,float,:math:`-`,:math:`-`,,,False,,Cyclic shear stress ratio (:math:`CSR`) [:math:`-`] - Suggested range: 0.0 <= CSR <= 0.6
groundhog.soildynamics.liquefaction,liquefactionprobability_moss,CSR_star,float,:math:`-`,:math:`-`,,,False,,Equivalent uniform cyclic stress ratio (for magnitude 7.5 event) (:math:`CSR^{*}`) [:math:`-`] - Suggested range: 0.0 <= CSR_star <= 0.6
groundhog.soildynamics.liquefaction,liquefactionprobability_moss,Pa,float,:math:`kPa`,:math:`kPa`,,,False,100.0,"Atmospheric pressure (:math:`p_a`) [:math:`kPa`] - Suggested range: 90.0 <= Pa <= 110.0 (optional, default= 100.0)"
groundhog.soildynamics.liquefaction,liquefactionprobability_moss,delta_qc_override,float,:math:`MPa`,:math:`MPa`,0.0,60.0,False,nan,"Override for the correction to the normalised cone tip resistance (:math:`\Delta q_c`) [:math:`MPa`] (optional, default=np.nan)"
groundhog.soildynamics.liquefaction,liquefactionprobability_moss,c_override,float,:math:`-`,:math:`-`,,,False,nan,"Override for the normalisation exponent (:math:`c`) [:math:`-`] (optional, default=np.nan)"
groundhog.soildynamics.liquefaction,liquefactionprobability_moss,x1,float,:math:`-`,:math:`-`,,,False,0.78,"Factor x1 (:math:`x_1`) [:math:`-`] (optional, default=0.78)"
groundhog.soildynamics.liquefaction,liquefactionprobability_moss,x2,float,:math:`-`,:math:`-`,,,False,-0.33,"Factor x2 (:math:`x_2`) [:math:`-`] (optional, default=-0.33)"
groundhog.soildynamics.liquefaction,liquefactionprobability_moss,y1,float,:math:`-`,:math:`-`,,,False,-0.32,"Factor y1 (:math:`y_1`) [:math:`-`] (optional, default=-0.32)"
groundhog.soildynamics.liquefaction,liquefactionprobability_moss,y2,float,:math:`-`,:math:`-`,,,False,-0.35,"Factor y2 (:math:`y_2`) [:math:`-`] (optional, default=-0.35)"
groundhog.soildynamics.liquefaction,liquefactionprobability_moss,y3,float,:math:`-`,:math:`-`,,,False,0.49,"Factor y3 (:math:`y_3`) [:math:`-`] (optional, default=0.49)"
groundhog.soildynamics.liquefaction,liquefactionprobability_moss,z1,float,:math:`-`,:math:`-`,0.0,10000.0,False,1.21,"Factor z1 (:math:`z_1`) [:math:`-`] (optional, default=1.21)  .. math::     q_{c,1} = q_c \left( \frac{p_a}{\sigma_{vo}^{\prime}} \right)^{c}      c = f_1 \cdot \left( \frac{R_f}{f_3} \right)^{f_2}      f_1 = x_1 \cdot q_c^{x_2}      f_2 = -(y_1 \cdot q_c^{y_2} + y_3 )      f_3 = abs( \log_{10}(10 + q_c )^{z_1}      \Delta q_c = \alpha_1 \cdot \ln (CSR) + \alpha_2      \alpha_1 = 0.38 \cdot R_f - 0.19      \alpha_2 = 1.46 \cdot R_f - 0.73"
groundhog.soildynamics.liquefaction,liquefactionprobability_saye,Qt,float,:math:`-`,:math:`-`,,,False,,Normalised cone tip resistance (:math:`Q_t`) [:math:`-`] - Suggested range: 1.0 <= Qt <= 1000.0
groundhog.soildynamics.liquefaction,liquefactionprobability_saye,qc,float,:math:`MPa`,:math:`MPa`,0.0,100000000.0,False,,Cone tip resistance (:math:`q_c`) [:math:`MPa`] - Suggested range: 0.0 <= qc <= 100.0
groundhog.soildynamics.liquefaction,liquefactionprobability_saye,sigma_vo_eff,float,:math:`kPa`,:math:`kPa`,,,False,,Vertical effective stress (:math:`\sigma_{vo}^{\prime}`) [:math:`kPa`] - Suggested range: 0.0 <= sigma_vo_eff <= 1000.0
groundhog.soildynamics.liquefaction,liquefactionprobability_saye,CSR,float,:math:`-`,:math:`-`,,,False,,Cyclic stress ratio for magnitude 7.5 event (:math:`CSR_{7.5}`) [:math:`-`] - Suggested range: 0.0 <= CSR <= 1.0
groundhog.soildynamics.liquefaction,liquefactionprobability_saye,fs,float,:math:`MPa`,:math:`MPa`,,,False,,Sleeve friction (:math:`f_s`) [:math:`MPa`] - Suggested range: 0.0 <= fs <= 10.0
groundhog.soildynamics.liquefaction,liquefactionprobability_saye,atmospheric_pressure,float,:math:`kPa`,:math:`kPa`,0.0,100000000.0,False,100.0,"Atmospheric pressure (:math:`P_a`) [:math:`kPa`] (optional, default= 100.0)"
groundhog.soildynamics.liquefaction,liquefactionprobability_saye,deltaQ_nominator,float,:math:`-`,:math:`-`,0.0,60.0,False,10.0,"Term in the nominator for deltaQ (:math:``) [:math:`-`] (optional, default= 10.0)"
groundhog.soildynamics.liquefaction,liquefactionprobability_saye,deltaQ_denominator,float,:math:`-`,:math:`-`,0.0,60.0,False,0.67,"Term in the denominator for deltaQ (:math:``) [:math:`-`] (optional, default= 0.67)"
groundhog.soildynamics.liquefaction,liquefactionprobability_saye,exponent_qcnormalised,float,:math:`-`,:math:`-`,0.0,100000000.0,False,0.5,"Exponent in the normalisation for qc (:math:`n`) [:math:`-`] (optional, default= 0.5)"
groundhog.soildynamics.liquefaction,liquefactionprobability_saye,Cq_limit,float,:math:`-`,:math:`-`,,,False,1.7,"Maximum value for Cq (:math:``) [:math:`-`] (optional, default= 1.7)"
groundhog.soildynamics.liquefaction,liquefactionprobability_saye,mcrr_coefficient1,float,:math:`-`,:math:`-`,,,False,178.0,"First calibration coefficient in the formula for mCRR (:math:``) [:math:`-`] (optional, default= 178.0)"
groundhog.soildynamics.liquefaction,liquefactionprobability_saye,mcrr_coefficient2,float,:math:`-`,:math:`-`,,,False,3.349,"Second calibration coefficient in the formula for mCRR (:math:``) [:math:`-`] (optional, default= 3.349)"
groundhog.soildynamics.liquefaction,liquefactionprobability_saye,mcrr_limit,float,:math:`-`,:math:`-`,,,False,0.1,"Maximum value for mCRR (:math:``) [:math:`-`] (optional, default= 0.1)"
groundhog.soildynamics.liquefaction,liquefactionprobability_saye,deltaQ_limit,float,:math:`-`,:math:`-`,0.0,60.0,False,20.0,"Minimum value for DeltaQ (:math:``) [:math:`-`] (optional, default= 20.0)"
groundhog.soildynamics.liquefaction,liquefactionprobability_saye,Pl_coefficient1,float,:math:`-`,:math:`-`,,,False,1.34,"Coefficient in the equation for liquefaction probability (:math:``) [:math:`-`] (optional, default= 1.34)"
groundhog.soildynamics.liquefaction,liquefactionprobability_saye,exactsoildata,bool,- \frac{ \left( \hat{m}_{CRR} \cdot \left( \frac{q_{c1}}{P_a} \right) - 1.34 \right) - \log_{10} \left(  CSR_{7.5} \right) }{\sigma} \right,- \frac{ \left( \hat{m}_{CRR} \cdot \left( \frac{q_{c1}}{P_a} \right) - 1.34 \right) - \log_{10} \left(  CSR_{7.5} \right) }{\sigma} \right,,,False,True,"Boolean determining whether the standard deviation for exact or uncertain soil data needs to be used (optional, default= True)  .. math::     \Delta_Q = \frac{Q_t + 10}{\frac{f_s}{\sigma_{vo}^{\prime}} + 0.67}      \hat{m}_{CRR} = \frac{\hat{\Delta}_Q}{178 \cdot \hat{\Delta}_Q - 3.349} \leq 0.1 \ \text{for} \ \Delta_Q \geq 20      \frac{q_{c1}}{P_a} = C_q \cdot \left( \frac{q_c}{P_a} \right)      C_q = \left( \frac{P_a}{\sigma_{vo}^{\prime}} \right)^n \leq 1.7      P_L = \Phi \left[ - \frac{ \left( \hat{m}_{CRR} \cdot \left( \frac{q_{c1}}{P_a} \right) - 1.34 \right) - \log_{10} \left(  CSR_{7.5} \right) }{\sigma} \right]"
labtesting.compressibility,logtimemethod,times,float,m,m,,,True,,"Array with time values in seconds, increasing from 0s at the start of the test"
labtesting.compressibility,logtimemethod,settlements,float,m,m,,,True,,"Array with settlement values, increasing from 0 at the origin. The units are not important as only the time for 90% consolidation is determined."
labtesting.compressibility,logtimemethod,drainagelength,float,m,m,0.0,10000.0,True,,"Drainage length for the consolidation (<span class=""math-inline"">H_{dr}</span>) [m] - Suggested range: drainagelength > 0"
labtesting.compressibility,logtimemethod,initialguess_override,float,-,-,,,False,nan,"Override for the initial guess for <span class=""math-inline"">\sqrt{t_{100}}</span>, default=np.nan"
labtesting.compressibility,logtimemethod,ignore_warnings,boolean,-,-,,,False,True,Ignore Warnings
labtesting.compressibility,logtimemethod,showfig,boolean,-,-,,,False,True,Showfig
groundhog.general.validation,map_args,method,float,-,-,,,False,,The function for which validation will be applied
groundhog.general.validation,map_args,var,float,-,-,,,False,,"The validation data structure, entered as argument of the function decorator"
groundhog.general.parameter_mapping,map_depth_properties,target_df,float,m,m,,,False,,Pandas dataframe to which the properties need to be mapped
groundhog.general.parameter_mapping,map_depth_properties,layering_df,float,m,m,,,False,,Pandas dataframe with the layering definition
groundhog.general.parameter_mapping,map_depth_properties,target_z_key,float,m,m,0.0,10000.0,True,,"Depth key in the target dataframe. If unspecified, 'z [m]' is used"
groundhog.general.parameter_mapping,map_depth_properties,layering_zfrom_key,float,m,m,0.0,10000.0,True,,"Start depth key in the layering dataframe. If unspecified, 'z from [m]' is used"
groundhog.general.parameter_mapping,map_depth_properties,layering_zto_key,float,m,m,0.0,10000.0,True,,"End depth key in the layering dataframe. If unspecified, 'z to [m]' is used"
groundhog.general.parameter_mapping,merge_two_dicts,x,float,-,-,,,False,,First dictionary
groundhog.general.parameter_mapping,merge_two_dicts,y,float,-,-,,,False,,Second dictionary
groundhog.soildynamics.soilproperties,modulusreduction_darendeli,mean_effective_stress,float,:math:`kPa`,:math:`kPa`,0.0,100000000.0,False,,Mean effective stress at the depth under consideration (:math:`\sigma_0^{\prime}`) [:math:`kPa`] - Suggested range: 0.0 <= mean_effective_stress <= 1000.0
groundhog.soildynamics.soilproperties,modulusreduction_darendeli,pi,float,:math:`pct`,:math:`pct`,,,False,,Plasticity index (difference between liquid limit and plastic limit) (:math:`PI`) [:math:`pct`] - Suggested range: 0.0 <= plasticity_index <= 60.0
groundhog.soildynamics.soilproperties,modulusreduction_darendeli,ocr,float,:math:`-`,:math:`-`,,,False,,Overconsolidation ratio of the soil (:math:`OCR`) [:math:`-`] - Suggested range: 1.0 <= OCR <= 20.0
groundhog.soildynamics.soilproperties,modulusreduction_darendeli,N,float,:math:`-`,:math:`-`,,,False,,Number of cycles (:math:`N`) [:math:`-`] - Suggested range: N >= 1.0
groundhog.soildynamics.soilproperties,modulusreduction_darendeli,frequency,float,:math:`Hz`,:math:`Hz`,,,False,,Loading frequency (:math:`f`) [:math:`Hz`] - Suggested range: 0.05 <= frequency <= 20.0
groundhog.soildynamics.soilproperties,modulusreduction_darendeli,soiltype,float,:math:`pct`,:math:`pct`,,,False,,"Soil type used for calculating modulus reduction and damping curves - Options: ('sand', 'fine sand', 'silt', 'clay', 'all')"
groundhog.soildynamics.soilproperties,modulusreduction_darendeli,min_strain,float,:math:`pct`,:math:`pct`,,,False,0.0001,"Minimum value for the strain (:math:`\gamma_{min}`) [:math:`pct`] (optional, default= 0.0001)"
groundhog.soildynamics.soilproperties,modulusreduction_darendeli,max_strain,float,:math:`pct`,:math:`pct`,,,False,1.0,"Maximum value for the strain (:math:`\gamma_{max}`) [:math:`pct`] (optional, default= 1.0)"
groundhog.soildynamics.soilproperties,modulusreduction_darendeli,no_points,int,:math:`-`,:math:`-`,,,False,250,"Number of points used for the strain curve calculation (:math:``) [:math:`-`] - Suggested range: no_points >= 10.0 (optional, default= 250)"
groundhog.soildynamics.soilproperties,modulusreduction_darendeli,custom_coefficients,float,:math:`-`,:math:`-`,,,True,,"Dictionary with custom calibration coefficients (:math:``) [:math:`-`] (optional, default= None)- Elementtype: float, order: ascending, unique: True, empty entries allowed: False  .. math::     \frac{G}{G_{max}} = \frac{1}{1 + \left( \frac{\gamma}{\gamma_r} \right)^a}      \gamma_r = \left( \phi_1 + \phi_2 \cdot PI \cdot OCR^{\phi_3} \right) \cdot \sigma_0^{\prime \phi_4}      a = \phi_5      D_{\text{adjusted}} = b \cdot \left( \frac{G}{G_{max}} \right)^{0.1} \cdot D_{\text{Masing}} + D_{\text{min}}      D_{\text{min}} = \left( \phi_6 + \phi_7 \cdot PI \cdot OCR^{\phi_8} \right) \cdot \sigma_0^{\prime \phi_9} \cdot \left[1 + \phi_{10} \cdot \ln(f) \right]      b = \phi_{11} + \phi_{12} \cdot \ln(N)      \sigma_{\text{NG}} = \exp(\phi_{13}) + \sqrt{\frac{0.25}{\exp(\phi_{14})} - \frac{\left(G / G_{max} - 0.5 \right)^2}{\exp(\phi_{14})}}      \sigma_D = \exp (\phi_{15} ) + \exp (\phi_{16} ) \cdot \sqrt{D}      \rho_{i,j} = \exp \left( \frac{-1}{\exp ( \phi_{17} )} \right) \cdot \exp \left( \frac{- | \ln \gamma_i - \ln \gamma_j |}{\exp ( \phi_{18} )} \right)"
groundhog.soildynamics.soilproperties,modulusreduction_plasticity_ishibashi,strain,float,:math:`pct`,:math:`pct`,,,False,,Strain amplitude (:math:`\gamma`) [:math:`pct`] - Suggested range: 0.0 <= strain <= 10.0
groundhog.soildynamics.soilproperties,modulusreduction_plasticity_ishibashi,pi,float,:math:`pct`,:math:`pct`,,,False,,Pi
groundhog.soildynamics.soilproperties,modulusreduction_plasticity_ishibashi,sigma_m_eff,float,:math:`kPa`,:math:`kPa`,,,False,,Mean effective pressure (:math:`\sigma_m^{\prime}`) [:math:`kPa`] - Suggested range: 0.0 <= sigma_m_eff <= 400.0
groundhog.soildynamics.soilproperties,modulusreduction_plasticity_ishibashi,multiplier_1,float,:math:`-`,:math:`-`,,,False,0.000102,"Multiplier in equation for K (:math:``) [:math:`-`] (optional, default= 0.000102)"
groundhog.soildynamics.soilproperties,modulusreduction_plasticity_ishibashi,exponent_1,float,:math:`-`,:math:`-`,,,False,0.492,"Exponent in equation for K (:math:``) [:math:`-`] (optional, default= 0.492)"
groundhog.soildynamics.soilproperties,modulusreduction_plasticity_ishibashi,multiplier_2,float,:math:`-`,:math:`-`,,,False,0.000556,"First multiplier in equation for m (:math:``) [:math:`-`] (optional, default= 0.000556)"
groundhog.soildynamics.soilproperties,modulusreduction_plasticity_ishibashi,exponent_2,float,:math:`-`,:math:`-`,,,False,0.4,"First exponent in equation for m (:math:``) [:math:`-`] (optional, default= 0.4)"
groundhog.soildynamics.soilproperties,modulusreduction_plasticity_ishibashi,multiplier_3,float,:math:`-`,:math:`-`,,,False,-0.0145,"Second multiplier in equation for m (:math:``) [:math:`-`] (optional, default= -0.0145)"
groundhog.soildynamics.soilproperties,modulusreduction_plasticity_ishibashi,exponent_3,float,:math:`-`,:math:`-`,,,False,1.3,"Second exponent in equation for m (:math:``) [:math:`-`] (optional, default= 1.3)  .. math::     \frac{G}{G_{max}} = K \left( \gamma, \text{PI} \right) \left( \sigma_m^{\prime} \right)^{m \left( \gamma, \text{PI} \right) - m_0}      K \left( \gamma, \text{PI} \right) = 0.5 \left[ 1 + \tanh \left[ \ln \left( \frac{0.000102 + n ( \text{PI} )}{\gamma} \right)^{0.492} \right] \right]      m \left( \gamma, \text{PI} \right) - m_0 = 0.272 \left[ 1 - \tanh \left[ \ln \left( \frac{0.000556}{\gamma} \right)^{0.4} \right] \right] \exp \left( -0.0145 \text{PI}^{1.3} \right)      n ( \text{PI} ) = \begin{cases}         0.0       & \quad \text{for PI } = 0 \\         3.37 \times 10^{-6} \text{PI}^{1.404}  & \quad \text{for } 0 < \text{PI} \leq 15 \\         7.0 \times 10^{-7} \text{PI}^{1.976}  & \quad \text{for } 15 < \text{PI} \leq 70 \\         2.7 \times 10^{-5} \text{PI}^{1.115}  & \quad \text{for } \text{PI} > 70       \end{cases}      \xi = 0.333 \frac{1 + \exp(-0.0145 PI^{1.3})}{2} \left[ 0.586 \left( \frac{G}{G_{max}} \right)^2 - 1.547 \frac{G}{G_{max}} + 1 \right]"
groundhog.constitutivemodels.general,mohrcoulomb_triaxial_compression,sigma_3,float,kPa,kPa,,,False,,Radial stress (total or effective) (:math:`\sigma_3`) [kPa] - Suggested range: sigma_3 >= 0.0
groundhog.constitutivemodels.general,mohrcoulomb_triaxial_compression,cohesion,float,kPa,kPa,0.0,100000000.0,False,,Cohesion (total or effective) (:math:`c`) [kPa] - Suggested range: cohesion >= 0.0
groundhog.constitutivemodels.general,mohrcoulomb_triaxial_compression,phi,float,deg,deg,0.0,60.0,False,,Friction angle (total or effective) (:math:`\varphi`) [deg] - Suggested range: 0.0 <= phi <= 90.0
groundhog.constitutivemodels.general,mohrcoulomb_triaxial_compression,latex_titles,bool,kPa,kPa,,,False,True,Boolean determining whether axis titles should be shown as LaTeX (default = True)  .. math::     \tau_f = c + \sigma \tan \varphi          \text{Failure plane orientation (relative to vertical)} = \frac{1}{2} \left( \frac{\pi}{2} - \varphi \right)          \tau_f = \frac{\sigma_1 - \sigma_3}{2} \cdot \cos \varphi          \sigma_f = \frac{\sigma_1 + \sigma_3}{2} - \frac{\sigma_1 - \sigma_3}{2} \cdot \sin \varphi          \implies \frac{\sigma_1 - \sigma_3}{2} \cdot \cos \varphi = c + \left( \frac{\sigma_1 + \sigma_3}{2} - \frac{\sigma_1 - \sigma_3}{2} \cdot \sin \varphi \right) \tan \varphi
groundhog.constitutivemodels.general,mohrcoulomb_triaxial_extension,sigma_1,float,kPa,kPa,,,False,,Radial stress (total or effective) (:math:`\sigma_1`) [kPa] - Suggested range: sigma_1 >= 0.0
groundhog.constitutivemodels.general,mohrcoulomb_triaxial_extension,cohesion,float,kPa,kPa,0.0,100000000.0,False,,Cohesion (total or effective) (:math:`c`) [kPa] - Suggested range: cohesion >= 0.0
groundhog.constitutivemodels.general,mohrcoulomb_triaxial_extension,phi,float,deg,deg,0.0,60.0,False,,Friction angle (total or effective) (:math:`\varphi`) [deg] - Suggested range: 0.0 <= phi <= 90.0
groundhog.constitutivemodels.general,mohrcoulomb_triaxial_extension,latex_titles,bool,kPa,kPa,,,False,True,Boolean determining whether axis titles should be shown as LaTeX (default = True)  .. math::     \tau_f = c + \sigma \tan \varphi          \text{Failure plane orientation (relative to vertical)} = \frac{1}{2} \left( \frac{\pi}{2} - \varphi \right)          \tau_f = \frac{\sigma_1 - \sigma_3}{2} \cdot \cos \varphi          \sigma_f = \frac{\sigma_1 + \sigma_3}{2} - \frac{\sigma_1 - \sigma_3}{2} \cdot \sin \varphi          \implies \left( \frac{\cos \varphi}{2} - \frac{\tan \varphi}{2} + \frac{\sin \varphi \tan \varphi}{2} \right) \sigma_1 - c = \sigma_3 \left( \frac{1}{2} \cos \varphi + \frac{\tan \varphi}{2} + \frac{\sin \varphi \tan \varphi}{2} \right)
groundhog.deepfoundations.axialcapacity.negativeskinfriction,negativeskinfriction_pilegroup_zeevaertdebeer,depths,float,:math:`m`,:math:`m`,0.0,10000.0,False,,"Array with depths used for the calculation (:math:`z`) [:math:`m`] - Elementtype: float, order: ascending, unique: True, empty entries allowed: False"
groundhog.deepfoundations.axialcapacity.negativeskinfriction,negativeskinfriction_pilegroup_zeevaertdebeer,effective_unit_weights,float,:math:`kN/m3`,:math:`kN/m3`,,,False,,"Array with effective unit weights used for the calculation (:math:`\gamma^{\prime}`) [:math:`kN/m3`] - Elementtype: float, order: None, unique: False, empty entries allowed: False"
groundhog.deepfoundations.axialcapacity.negativeskinfriction,negativeskinfriction_pilegroup_zeevaertdebeer,lateral_earth_pressure_coefficients,float,:math:`-`,:math:`-`,0.0,100000000.0,False,,"Array with lateral earth pressure coefficient at each depth (:math:`K_0`) [:math:`-`] - Elementtype: float, order: None, unique: False, empty entries allowed: False"
groundhog.deepfoundations.axialcapacity.negativeskinfriction,negativeskinfriction_pilegroup_zeevaertdebeer,interface_friction_angles,float,:math:`deg`,:math:`deg`,0.0,60.0,False,,"Array with interface friction angles (:math:`\delta^{\prime}`) [:math:`deg`] - Elementtype: float, order: None, unique: False, empty entries allowed: False"
groundhog.deepfoundations.axialcapacity.negativeskinfriction,negativeskinfriction_pilegroup_zeevaertdebeer,surcharge,float,:math:`kPa`,:math:`kPa`,0.0,100000000.0,False,,Amount of stress applied on top of the soil mass (:math:`p_0^{\prime}`) [:math:`kPa`] - Suggested range: surcharge >= 0.0
groundhog.deepfoundations.axialcapacity.negativeskinfriction,negativeskinfriction_pilegroup_zeevaertdebeer,diameter,float,:math:`m`,:math:`m`,0.0,10000.0,False,,Pile diameter (:math:`D_p`) [:math:`m`] - Suggested range: 0.01 <= diameter <= 10.0
groundhog.deepfoundations.axialcapacity.negativeskinfriction,negativeskinfriction_pilegroup_zeevaertdebeer,diameter_influence,float,:math:`m`,:math:`m`,0.0,10000.0,False,,"Diameter of the zone of influence for negative skin friction (:math:`D_n`) [:math:`m`] - Suggested range: diameter_influence >= 0.0  .. math::     \frac{d \sigma_v^{\prime}}{dz} = \gamma^{\prime} - \tau \cdot \frac{O_s}{A}      m = K_0 \cdot \tan \delta^{\prime} \cdot \frac{O_s}{A}      \frac{\Delta \sigma_{v,i+1}^{\prime}}{\Delta z} - \gamma^{\prime} + m \cdot \sigma_{v,i}^{\prime} = 0      \sigma_{v,0}^{\prime} = p_0^{\prime}      O_s = \pi \cdot D_p      A = \frac{\pi}{4} \cdot \left( D_n^2 - D_p^2 \right)"
groundhog.shallowfoundations.capacity,ngamma_frictionangle_davisbooker,friction_angle,float,:math:`deg`,:math:`deg`,0.0,60.0,False,,Peak drained friction angle (:math:`\phi_p^{\prime}`) [:math:`deg`] - Suggested range: 20.0 <= friction_angle <= 50.0
groundhog.shallowfoundations.capacity,ngamma_frictionangle_davisbooker,roughness_factor,float,:math:`-`,:math:`-`,,,False,,Footing roughness factor where 0 is fully smooth and 1 is fully rough (:math:`R_{inter}`) [:math:`-`] - Suggested range: 0.0 <= roughness_factor <= 1.0
groundhog.shallowfoundations.capacity,ngamma_frictionangle_davisbooker,multiplier_smooth,float,:math:`-`,:math:`-`,,,False,0.0663,"Multiplier for smooth footings (:math:`\alpha_1`) [:math:`-`] (optional, default= 0.0663)"
groundhog.shallowfoundations.capacity,ngamma_frictionangle_davisbooker,multiplier_rough,float,:math:`-`,:math:`-`,,,False,0.1054,"Multiplier for rough footings (:math:`\alpha_2`) [:math:`-`] (optional, default= 0.1054)"
groundhog.shallowfoundations.capacity,ngamma_frictionangle_davisbooker,multiplier_exp_smooth,float,:math:`-`,:math:`-`,,,False,9.3,"Multiplier on exponential term for smooth footings (:math:`\alpha_3`) [:math:`-`] (optional, default= 9.3)"
groundhog.shallowfoundations.capacity,ngamma_frictionangle_davisbooker,multiplier_exp_rough,float,:math:`-`,:math:`-`,,,False,9.6,"Multiplier on exponential term for roughfootings (:math:`\alpha_4`) [:math:`-`] (optional, default= 9.6)  .. math::     N_{\gamma} = \begin{cases}         0.1054 \exp (9.6 \phi_p^{\prime})       & \quad \text{for rough footings}\\         0.0663 \exp(9.3 \phi_p^{\prime})  & \quad \text{for smooth footings}       \end{cases}"
groundhog.shallowfoundations.capacity,ngamma_frictionangle_meyerhof,friction_angle,float,:math:`deg`,:math:`deg`,0.0,60.0,False,,Peak drained friction angle (:math:`\phi_p^{\prime}`) [:math:`deg`] - Suggested range: 20.0 <= friction_angle <= 50.0
groundhog.shallowfoundations.capacity,ngamma_frictionangle_meyerhof,frictionangle_multiplier,float,:math:`-`,:math:`-`,0.0,60.0,False,1.4,"Multiplier on the friction angle (:math:`\alpha_1`) [:math:`-`] (optional, default= 1.4)  .. math::     N_{\gamma} = (N_q - 1) \tan (1.4 \phi_p^{\prime})"
groundhog.shallowfoundations.capacity,ngamma_frictionangle_vesic,friction_angle,float,:math:`deg`,:math:`deg`,0.0,60.0,False,,Peak drained friction angle (:math:`\phi_p^{\prime}`) [:math:`deg`] - Suggested range: 20.0 <= friction_angle <= 50.0  .. math::     N_{\gamma} = 2 (N_q + 1) \tan \phi_p^{\prime}
groundhog.shallowfoundations.capacity,nq_frictionangle_sand,friction_angle,float,:math:`deg`,:math:`deg`,0.0,60.0,False,,Peak effective friction angle (:math:`\phi_p^{\prime}`) [:math:`deg`] - Suggested range: 20.0 <= friction_angle <= 50.0  .. math::     N_q = e^{\pi \tan \phi_p^{\prime}} \tan^2 \left( 45^{\circ} + \frac{ \phi_p^{\prime}}{2} \right)
insitutests.pcpt_correlations,ocr_cpt_lunne,Qt,float,-,-,,,True,,"Normalised cone resistance (<span class=""math-inline"">Q_t</span>) [<span class=""math-inline"">-</span>] - Suggested range: 2.0 <= Qt <= 34.0"
insitutests.pcpt_correlations,ocr_cpt_lunne,Bq,float,-,-,,,False,nan,"Pore pressure ratio (<span class=""math-inline"">B_q</span>) [<span class=""math-inline"">-</span>] - Suggested range: 0.0 <= Bq <= 1.4 (optional, default=None)"
groundhog.general.parameter_mapping,offsets,startpoint,float,deg,deg,,,False,,Tuple with x and y coordinates of the starting point
groundhog.general.parameter_mapping,offsets,endpoint,float,deg,deg,,,False,,Tuple with x and y coordinates of the end point
groundhog.general.parameter_mapping,offsets,point,float,deg,deg,,,False,,Point for which the offset to the section needs to be computed
groundhog.general.parameter_mapping,offsets,latlon,bool,deg,deg,,,False,False,Boolean defining whether coordinates are specified in latitude/longitude (default=False)
insitutests.spt_correlations,overburdencorrection_spt_ISO,N,float,-,-,,,True,,"Uncorrected or corrected SPT N number (<span class=""math-inline"">N or N_{60}</span>) [-] - Suggested range: 0.0 <= N <= 60.0"
insitutests.spt_correlations,overburdencorrection_spt_ISO,sigma_vo_eff,float,kPa,kPa,,,True,,"Vertical effective stress (<span class=""math-inline"">\sigma_{v0}^{\prime}</span>) [kPa] - Suggested range: 25.0 <= sigma_vo_eff <= 400.0"
insitutests.spt_correlations,overburdencorrection_spt_ISO,granular,boolean,-,-,,,False,True,"Boolean defining whether the soil is granular or not. If the soil is not granular, the correction factor is taken equal to 1"
insitutests.spt_correlations,overburdencorrection_spt_liaowhitman,N,float,-,-,,,True,,"Field value of SPT N number (<span class=""math-inline"">N</span>) or corrected value <span class=""math-inline"">N_{60}</span> [<span class=""math-inline"">-</span>] - Suggested range: N >= 0.0"
insitutests.spt_correlations,overburdencorrection_spt_liaowhitman,sigma_vo_eff,float,kPa,kPa,,,True,,"Effective overburden pressure (<span class=""math-inline"">\sigma_{vo}^{\prime}</span>) [<span class=""math-inline"">kPa</span>] - Suggested range: sigma_vo_eff >= 0.0"
insitutests.spt_correlations,overburdencorrection_spt_liaowhitman,granular,boolean,:math:`kPa`,:math:`kPa`,,,False,True,"Boolean defining whether the soil behaves in a granular or not. If the behaviour is not granular, the correction factor is taken equal to 1."
insitutests.spt_correlations,overburdencorrection_spt_liaowhitman,atmospheric_pressure,float,kPa,kPa,0.0,100000000.0,False,100.0,"Atmospheric pressure (<span class=""math-inline"">P_a</span>) [<span class=""math-inline"">kPa</span>] (optional, default= 100.0)"
insitutests.pcpt_correlations,pcpt_normalisations,measured_qc,float,MPa,MPa,0.0,100000000.0,True,,"Measured cone resistance (<span class=""math-inline"">q_c^*</span>) [<span class=""math-inline"">MPa</span>] - Suggested range: 0.0 <= measured_qc <= 150.0"
insitutests.pcpt_correlations,pcpt_normalisations,measured_fs,float,MPa,MPa,0.0,100000000.0,True,,"Measured sleeve friction (<span class=""math-inline"">f_s^*</span>) [<span class=""math-inline"">MPa</span>] - Suggested range: 0.0 <= measured_fs <= 10.0"
insitutests.pcpt_correlations,pcpt_normalisations,measured_u2,float,MPa,MPa,0.0,100000000.0,True,,"Pore pressure measured at the shoulder (<span class=""math-inline"">u_2^*</span>) [<span class=""math-inline"">MPa</span>] - Suggested range: -10.0 <= measured_u2 <= 10.0"
insitutests.pcpt_correlations,pcpt_normalisations,sigma_vo_tot,float,kPa,kPa,,,True,,"Total vertical stress (<span class=""math-inline"">\sigma_{vo}</span>) [<span class=""math-inline"">kPa</span>] - Suggested range: sigma_vo_tot >= 0.0"
insitutests.pcpt_correlations,pcpt_normalisations,sigma_vo_eff,float,kPa,kPa,,,True,,"Effective vertical stress (<span class=""math-inline"">\sigma_{vo}^{\prime}</span>) [<span class=""math-inline"">kPa</span>] - Suggested range: sigma_vo_eff >= 0.0"
insitutests.pcpt_correlations,pcpt_normalisations,depth,float,m,m,0.0,10000.0,True,,"Depth below surface (for saturated soils) where measurement is taken. For onshore tests, use the depth below the watertable. (<span class=""math-inline"">z</span>) [<span class=""math-inline"">m</span>] - Suggested range: depth >= 0.0"
insitutests.pcpt_correlations,pcpt_normalisations,cone_area_ratio,float,-,-,,,True,,"Ratio between the cone rod area and the maximum cone area (<span class=""math-inline"">a</span>) [<span class=""math-inline"">-</span>] - Suggested range: 0.0 <= cone_area_ratio <= 1.0"
insitutests.pcpt_correlations,pcpt_normalisations,start_depth,float,m,m,0.0,10000.0,False,0.0,"Start depth of the test, specify this for a downhole test. Leave at zero for a test starting from surface (<span class=""math-inline"">d</span>) [<span class=""math-inline"">m</span>] - Suggested range: start_depth >= 0.0 (optional, default= 0.0)"
insitutests.pcpt_correlations,pcpt_normalisations,unitweight_water,float,kN/m3,kN/m3,5.0,30.0,False,10.25,"Unit weight of water, default is for seawater (<span class=""math-inline"">\gamma_w</span>) [<span class=""math-inline"">kN/m3</span>] - Suggested range: 9.0 <= unitweight_water <= 11.0 (optional, default= 10.25)"
insitutests.pcpt_correlations,pcpt_normalisations,atmospheric_pressure,float,kPa,kPa,0.0,100000000.0,False,100,"Atmospheric pressure (used for normalisation) (<span class=""math-inline"">P_a</span>) [<span class=""math-inline"">kPa</span>] (optional, default= 100.0)"
insitutests.pcpt_correlations,pcpt_normalisations,ic_min,float,-,-,,,False,1.0,"Minimum value for soil behaviour type index used in the optimisation routine (<span class=""math-inline"">I_{c,min}</span>) [<span class=""math-inline"">-</span>] (optional, default= 1.0)"
insitutests.pcpt_correlations,pcpt_normalisations,ic_max,float,-,-,,,False,4.0,"Maximum value for soil behaviour type index used in the optimisation routine (<span class=""math-inline"">I_{c,max}</span>) [<span class=""math-inline"">-</span>] (optional, default= 4.0)"
insitutests.pcpt_correlations,pcpt_normalisations,zhang_multiplier_1,float,-,-,0.0,10000.0,False,0.381,"First multiplier in the equation for exponent n (:math:``) [<span class=""math-inline"">-</span>] (optional, default= 0.381)"
insitutests.pcpt_correlations,pcpt_normalisations,zhang_multiplier_2,float,-,-,0.0,10000.0,False,0.05,"Second multiplier in the equation for exponent n (:math:``) [<span class=""math-inline"">-</span>] (optional, default= 0.05)"
insitutests.pcpt_correlations,pcpt_normalisations,zhang_subtraction,float,-,-,0.0,10000.0,False,0.15,"Term subtracted in the equation for exponent n (:math:``) [<span class=""math-inline"">-</span>] (optional, default= 0.15)"
insitutests.pcpt_correlations,pcpt_normalisations,robertsonwride_coefficient1,float,-,-,,,False,3.47,"First coefficient in the equation by Robertson and Wride (:math:``) [<span class=""math-inline"">-</span>] (optional, default= 3.47)"
insitutests.pcpt_correlations,pcpt_normalisations,robertsonwride_coefficient2,float,-,-,,,False,1.22,"Second coefficient in the equation by Robertson and Wride (:math:``) [<span class=""math-inline"">-</span>] (optional, default= 1.22)"
insitutests.pcpt_correlations,pcpt_normalisations,cn_capping,float,-,-,,,False,1.7,Cn Capping
groundhog.general.plotting,peak_picker,x,float,-,-,,,False,,Array with x-values
groundhog.general.plotting,peak_picker,y,float,-,-,,,False,,Array with y-values
groundhog.general.plotting,peak_picker,correct_selected_point,bool,-,-,,,False,True,Boolean determining whether a correction is applied to interpolate the peak based on the selected value of X for the peak
groundhog.pipelinescables.stability.penetration,penetratedarea,diameter,float,m,m,0.0,10000.0,False,,Pipeline or cable diameter (:math:`D`) [m] - Suggested range: 0.0 <= diameter <= 2.0
groundhog.pipelinescables.stability.penetration,penetratedarea,penetration,float,m,m,0.0,10000.0,False,,Pipeline penetration (:math:`z`) [m] - Suggested range: 0.0 <= penetration <= 2.0  .. math::     A_{bm} = \arcsin \left( \frac{B}{D} \right) \cdot \frac{D^2}{4} - B \cdot \frac{D}{4} \cdot \cos \left( \arcsin(B/D) \right) \quad \text{for } z<D/2          A_{bm} = \frac{\pi \cdot D^2}{8} + D \cdot \left( z - D/2 \right) \quad \text{for } z \geq D/2
correlations.cohesionless,permeability_d10_hazen,grain_size,float,mm,mm,0.0,10000.0,True,,"Grain size for which 10% of the particles are finer (<span class=""math-inline"">D_{10}</span>) [<span class=""math-inline"">mm</span>] - Suggested range: 0.01 <= grain_size <= 2.0"
correlations.cohesionless,permeability_d10_hazen,coefficient_C,float,-,-,,,False,0.01,"Calibration coefficient containing the effect of the shape of pore channels (<span class=""math-inline"">C_{10)</span>) [<span class=""math-inline"">-</span>] (optional, default= 0.01)"
groundhog.deepfoundations.axialresponse.settlement,pile_settlement_curves,diameter,float,:math:`m`,:math:`m`,0.0,10000.0,False,,Pile diameter (:math:`D`) [:math:`m`] - Suggested range: diameter >= 0.0
groundhog.deepfoundations.axialresponse.settlement,pile_settlement_curves,shaft_resistance,float,:math:`kN`,:math:`kN`,,,False,,Shaft resistance used to denormalise the curve (:math:`F_s`) [:math:`kN`] - Suggested range: shaft_resistance >= 0.0
groundhog.deepfoundations.axialresponse.settlement,pile_settlement_curves,base_resistance,float,:math:`kN`,:math:`kN`,,,False,,Base resistance used to denormalise the curve (:math:`F_b`) [:math:`kN`] - Suggested range: base_resistance >= 0.0
groundhog.deepfoundations.axialresponse.settlement,pile_settlement_curves,pile_type,float,m,m,,,False,,"Pile type - Options: ('driven', 'CFA', 'bored')  .. math::     F_{mob} = a + \frac{b-a}{1 + \left( \frac{\delta_{pile} \ \text{or} \ \delta_{pile}/D}{c} \right)^d}"
insitutests.pcpt_processing,plot_combined_longitudinal_profile,cpts,list,MPa,MPa,,,False,[],List with PCPTProcessing objects to be plotted
insitutests.pcpt_processing,plot_combined_longitudinal_profile,profiles,list,MPa,MPa,,,False,[],List with SoilProfile objects for which a log needs to be plotted
insitutests.pcpt_processing,plot_combined_longitudinal_profile,latlon,boolean,MPa,MPa,,,False,False,Boolean determining whether latitude and longitude are used or easting and northing in m (default=False for easting and northing in m)
insitutests.pcpt_processing,plot_combined_longitudinal_profile,option,string,MPa,MPa,,,False,name,Determines whether CPT names (``option='name'``) or tuples with coordinates (``option='coords'``) are used for the ``start`` and ``end`` arguments
insitutests.pcpt_processing,plot_combined_longitudinal_profile,start,string,MPa,MPa,,,True,,"CPT name for the starting point or tuple of coordinates. If a CPT name is used, the selected CPT must be contained in ``cpts``."
insitutests.pcpt_processing,plot_combined_longitudinal_profile,end,string,MPa,MPa,,,True,,"CPT name for the end point or tuple of coordinates. If a CPT name is used, the selected CPT must be contained in ``cpts``."
insitutests.pcpt_processing,plot_combined_longitudinal_profile,band,float,MPa,MPa,,,False,1000,Offset from the line connecting start and end points in which CPT are considered for plotting (default=1000m)
insitutests.pcpt_processing,plot_combined_longitudinal_profile,extend_profile,boolean,MPa,MPa,,,False,False,Boolean determining whether the profile needs to be extended beyond the start and end points (default=False)
insitutests.pcpt_processing,plot_combined_longitudinal_profile,plotmap,boolean,MPa,MPa,,,False,False,Boolean determining whether a map of locations needs to be plotted next to the profile (default=False)
insitutests.pcpt_processing,plot_combined_longitudinal_profile,fillcolordict,json,MPa,MPa,,,False,"{'SAND': 'yellow', 'CLAY': 'brown', 'SILT': 'green', 'ROCK': 'grey'}","Dictionary with fill colours (default yellow for 'SAND', brown from 'CLAY' and grey for 'ROCK')"
insitutests.pcpt_processing,plot_combined_longitudinal_profile,uniformcolor,string,MPa,MPa,,,True,,Uniform color to use for all CPT traces (default=None for different color for each trace)
insitutests.pcpt_processing,plot_combined_longitudinal_profile,opacity,float,MPa,MPa,,,False,1,Opacity of the layers (default = 1 for non-transparent behaviour)
insitutests.pcpt_processing,plot_combined_longitudinal_profile,logwidth,float,MPa,MPa,0.0,10000.0,False,1,Width of the soil logs as an absolute value (default = 1)
insitutests.pcpt_processing,plot_combined_longitudinal_profile,prop,string,MPa,MPa,,,False,qc [MPa],Selected property for plotting (default='qc [MPa]')
insitutests.pcpt_processing,plot_combined_longitudinal_profile,distance_unit,string,-,-,,,False,m,Unit for coordinates and elevation (default='m')
insitutests.pcpt_processing,plot_combined_longitudinal_profile,scale_factor,float,-,-,,,False,0.001,Scale factor for the property (default=0.001)
insitutests.pcpt_processing,plot_combined_longitudinal_profile,showfig,boolean,-,-,,,False,True,Boolean determining whether the figure is shown (default=True)
insitutests.pcpt_processing,plot_combined_longitudinal_profile,xaxis_layout,string,-,-,,,True,,Dictionary with layout for the xaxis (default=None)
insitutests.pcpt_processing,plot_combined_longitudinal_profile,yaxis_layout,string,-,-,,,True,,Dictionary with layout for the xaxis (default=None)
insitutests.pcpt_processing,plot_combined_longitudinal_profile,general_layout,string,-,-,,,True,,Dictionary with general layout options (default=None)
insitutests.pcpt_processing,plot_combined_longitudinal_profile,legend_layout,string,-,-,,,True,,Dictionary with legend layout options (default=None)
insitutests.pcpt_processing,plot_combined_longitudinal_profile,show_annotations,boolean,-,-,,,False,True,Boolean determining whether annotations need to be shown (default=True)
groundhog.general.soilprofile,plot_fence_diagram,profiles,list,-,-,,,False,[],List with SoilProfile objects for which a log needs to be plotted
groundhog.general.soilprofile,plot_fence_diagram,latlon,bool,-,-,,,False,False,"Boolean defining whether coordinates are specified in latitude and longitude (defaulte=False). If this is the case, offsets are calculated using the ``pyproj`` package"
groundhog.general.soilprofile,plot_fence_diagram,option,str,-,-,,,False,name,Determines whether soil profile names (``option='name'``) or tuples with coordinates (``option='coords'``) are used for the ``start`` and ``end`` arguments
groundhog.general.soilprofile,plot_fence_diagram,start,float,-,-,,,True,,"Soil profile name for the starting point or tuple of coordinates. If a SoilProfile name is used, the selected SoilProfile must be contained in ``profiles``."
groundhog.general.soilprofile,plot_fence_diagram,end,float,-,-,,,True,,"Soil profile name for the end point or tuple of coordinates. If a SoilProfile name is used, the selected SoilProfile must be contained in ``profiles``."
groundhog.general.soilprofile,plot_fence_diagram,band,int,-,-,,,False,1000,Offset from the line connecting start and end points in which soil profiles are considered for plotting (default=1000m)
groundhog.general.soilprofile,plot_fence_diagram,extend_profile,bool,-,-,,,False,False,Boolean determining whether the profile needs to be extended beyond the start and end points (default=False)
groundhog.general.soilprofile,plot_fence_diagram,soiltypekey,str,-,-,,,False,Soil type,"Key for the soil type in the dataframes with layering (default=""Soil type"")"
groundhog.general.soilprofile,plot_fence_diagram,plotmap,bool,-,-,,,False,False,Boolean determining whether a map of locations needs to be plotted next to the profile (default=False)
groundhog.general.soilprofile,plot_fence_diagram,fillcolordict,dict,-,-,,,False,"{'SAND': 'yellow', 'CLAY': 'brown', 'SILT': 'green', 'ROCK': 'grey'}","Dictionary with fill colours (default yellow for 'SAND', brown from 'CLAY' and grey for 'ROCK')"
groundhog.general.soilprofile,plot_fence_diagram,opacity,int,-,-,,,False,1,Opacity of the layers (default = 1 for non-transparent behaviour)
groundhog.general.soilprofile,plot_fence_diagram,logwidth,int,-,-,0.0,10000.0,False,1,Width of the soil logs as an absolute value (default = 1)
groundhog.general.soilprofile,plot_fence_diagram,distance_unit,str,-,-,,,False,m,Unit for coordinates and elevation (default='m')
groundhog.general.soilprofile,plot_fence_diagram,return_layers,bool,-,-,,,False,False,Boolean determining whether layers need to be returned. These layers can be used to updata another plot (e.g. CPT longitudinal profile) (default=False)
groundhog.general.soilprofile,plot_fence_diagram,showfig,bool,-,-,,,False,True,Boolean determining whether the figure is shown (default=True)
groundhog.general.soilprofile,plot_fence_diagram,xaxis_layout,float,-,-,,,True,,Dictionary with layout for the xaxis (default=None)
groundhog.general.soilprofile,plot_fence_diagram,yaxis_layout,float,-,-,,,True,,Dictionary with layout for the xaxis (default=None)
groundhog.general.soilprofile,plot_fence_diagram,general_layout,float,-,-,,,True,,Dictionary with general layout options
groundhog.general.soilprofile,plot_fence_diagram,show_annotations,bool,-,-,,,False,True,Boolean determining whether annotations need to be shown (default=True)
insitutests.pcpt_processing,plot_longitudinal_profile,cpts,list,MPa,MPa,,,False,[],List with PCPTProcessing objects to be plotted
insitutests.pcpt_processing,plot_longitudinal_profile,latlon,boolean,MPa,MPa,,,False,False,Boolean determining whether latitude and longitude are used or easting and northing in m (default=False for easting and northing in m)
insitutests.pcpt_processing,plot_longitudinal_profile,option,string,MPa,MPa,,,False,name,Determines whether CPT names (``option='name'``) or tuples with coordinates (``option='coords'``) are used for the ``start`` and ``end`` arguments
insitutests.pcpt_processing,plot_longitudinal_profile,start,string,MPa,MPa,,,True,,"CPT name for the starting point or tuple of coordinates. If a CPT name is used, the selected CPT must be contained in ``cpts``."
insitutests.pcpt_processing,plot_longitudinal_profile,end,string,MPa,MPa,,,True,,"CPT name for the end point or tuple of coordinates. If a CPT name is used, the selected CPT must be contained in ``cpts``."
insitutests.pcpt_processing,plot_longitudinal_profile,band,float,MPa,MPa,,,False,1000,Offset from the line connecting start and end points in which CPT are considered for plotting (default=1000m)
insitutests.pcpt_processing,plot_longitudinal_profile,extend_profile,boolean,MPa,MPa,,,False,False,Boolean determining whether the profile needs to be extended beyond the start and end points (default=False)
insitutests.pcpt_processing,plot_longitudinal_profile,plotmap,boolean,MPa,MPa,,,False,False,Boolean determining whether a map of locations needs to be plotted next to the profile (default=False)
insitutests.pcpt_processing,plot_longitudinal_profile,uniformcolor,string,MPa,MPa,,,True,,Uniform color to use for all CPT traces (default=None for different color for each trace)
insitutests.pcpt_processing,plot_longitudinal_profile,prop,string,MPa,MPa,,,False,qc [MPa],Selected property for plotting (default='qc [MPa]')
insitutests.pcpt_processing,plot_longitudinal_profile,distance_unit,string,-,-,,,False,m,Unit for coordinates and elevation (default='m')
insitutests.pcpt_processing,plot_longitudinal_profile,scale_factor,float,-,-,,,False,0.001,Scale factor for the property (default=0.001)
insitutests.pcpt_processing,plot_longitudinal_profile,showfig,boolean,-,-,,,False,True,Boolean determining whether the figure is shown (default=True)
insitutests.pcpt_processing,plot_longitudinal_profile,xaxis_layout,string,-,-,,,True,,Dictionary with layout for the xaxis (default=None)
insitutests.pcpt_processing,plot_longitudinal_profile,yaxis_layout,string,-,-,,,True,,Dictionary with layout for the xaxis (default=None)
insitutests.pcpt_processing,plot_longitudinal_profile,general_layout,string,-,-,,,True,,Dictionary with general layout options (default=None)
insitutests.pcpt_processing,plot_longitudinal_profile,legend_layout,string,-,-,,,True,,Dictionary with legend layout options (default=None)
insitutests.pcpt_processing,plot_longitudinal_profile,show_annotations,boolean,-,-,,,False,True,Boolean determining whether annotations need to be shown (default=True)
insitutests.pcpt_processing,plot_longitudinal_profile,mapbox_zoom,float,-,-,0.0,10000.0,False,10,"Zoom factor for map (if plotted, default=10)"
groundhog.general.plotting,plot_with_log,x,list,m,m,,,False,[[]],List of lists of x-arrays for the traces
groundhog.general.plotting,plot_with_log,z,list,m,m,0.0,10000.0,False,[[]],List of lists of z-arrays for the traces
groundhog.general.plotting,plot_with_log,names,list,m,m,,,False,[[]],List of lists of names for the traces (used in legend)
groundhog.general.plotting,plot_with_log,showlegends,float,m,m,,,True,,Array of booleans determining whether or not to show the trace in the legend. Showing/hiding legends can be specified per trace.
groundhog.general.plotting,plot_with_log,hide_all_legends,bool,m,m,,,False,False,Boolean indicating whether all legends need to be hidden (default=False).
groundhog.general.plotting,plot_with_log,modes,float,m,m,,,True,,"List of display modes for the traces (select from 'lines', 'markers' or 'lines+markers'"
groundhog.general.plotting,plot_with_log,markerformats,float,m,m,,,True,,List of formats for the markers (see Plotly docs for more info)
groundhog.general.plotting,plot_with_log,soildata,float,m,m,,,True,,"Pandas dataframe with keys 'Soil type': Array with soil type for each layer, 'Depth from [m]': Array with start depth for each layer, 'Depth to [m]': Array with bottom depth for each layer"
groundhog.general.plotting,plot_with_log,fillcolordict,dict,-,-,,,False,"{'SAND': 'yellow', 'CLAY': 'brown', 'SILT': 'green', 'ROCK': 'grey'}","Dictionary with fill colours (default yellow for 'SAND', brown from 'CLAY' and grey for 'ROCK')"
groundhog.general.plotting,plot_with_log,depth_from_key,str,-,-,0.0,10000.0,False,Depth from [m],Key for the column with start depths of each layer
groundhog.general.plotting,plot_with_log,depth_to_key,str,-,-,0.0,10000.0,False,Depth to [m],Key for the column with end depths of each layer
groundhog.general.plotting,plot_with_log,colors,float,-,-,,,True,,List of colours to be used for plotting (default = default Plotly colours)
groundhog.general.plotting,plot_with_log,logwidth,float,-,-,0.0,10000.0,False,0.05,Width of the soil width as a ratio of the total plot with (default = 0.05)
groundhog.general.plotting,plot_with_log,xtitles,list,-,-,,,False,[],Array with X-axis titles for the panels
groundhog.general.plotting,plot_with_log,ztitle,float,-,-,0.0,10000.0,True,,Depth axis title (Depth axis is shared between all panels)
groundhog.general.plotting,plot_with_log,xranges,float,-,-,,,True,,List with ranges to be used for X-axes
groundhog.general.plotting,plot_with_log,zrange,float,-,-,0.0,10000.0,True,,Range to be used for Y-axis
groundhog.general.plotting,plot_with_log,ztick,float,-,-,0.0,10000.0,True,,Tick interval to be used for the Y-axis
groundhog.general.plotting,plot_with_log,dticks,float,-,-,,,True,,List of tick intervals to be used for the X-axes
groundhog.general.plotting,plot_with_log,layout,dict,-,-,,,False,{},Dictionary with the layout settings
groundhog.general.plotting,plot_with_log,showfig,bool,-,-,,,False,True,Boolean determining whether the figure needs to be shown
groundhog.soildynamics.cyclicbehaviour,plotporepressureaccumulation_dsssand_andersen,failure_stress_ratio,float,:math:`-`,:math:`-`,0.0,100000000.0,False,,"Ratio of cyclic shear stress to vertical effective stress for failure at N=10 (:math:`( \tau_{cy} / \sigma_{ref}^{\prime})_{N=10}`) [:math:`-`] - Allowable value: [0.19, 0.25, 0.6, 1.0, 1.8]"
groundhog.soildynamics.cyclicbehaviour,plotstrainaccumulation_dsssand_andersen,failure_stress_ratio,float,:math:`-`,:math:`-`,0.0,100000000.0,False,,"Ratio of cyclic shear stress to vertical effective stress for failure at N=10 (:math:`( \tau_{cy} / \sigma_{ref}^{\prime})_{N=10}`) [:math:`-`] - Allowable value: [0.19, 0.25, 0.6, 1.0, 1.8]"
groundhog.consolidation.dissipation.onedimensionalconsolidation,pore_pressure_fourier,delta_u_0,float,kPa,kPa,0.0,60.0,False,,Initial excess pore pressure (:math:`\Delta u_0`) [kPa]
groundhog.consolidation.dissipation.onedimensionalconsolidation,pore_pressure_fourier,depths,float,:math:`m`,:math:`m`,0.0,10000.0,False,,Numpy array with the depths for the excess pore pressures (:math:`z`) [:math:`m`]
groundhog.consolidation.dissipation.onedimensionalconsolidation,pore_pressure_fourier,time,float,:math:`s`,:math:`s`,,,False,,Time at which excess pore pressures are computed (:math:`t`) [:math:`s`]
groundhog.consolidation.dissipation.onedimensionalconsolidation,pore_pressure_fourier,cv,float,:math:`m^2/yr`,:math:`m^2/yr`,,,False,,Coefficient of consolidation (:math:`c_v`) [:math:`m^2/yr`]
groundhog.consolidation.dissipation.onedimensionalconsolidation,pore_pressure_fourier,layer_thickness,float,:math:`m`,:math:`m`,0.0,10000.0,False,,Thickness of the layer considered (:math:`2 \cdot H_{dr}`) [:math:`m`]
groundhog.consolidation.dissipation.onedimensionalconsolidation,pore_pressure_fourier,no_terms,int,:math:`-`,:math:`-`,,,False,1000,"Number of terms for the Fourier series (:math:`m`) [:math:`-`]  .. math::     \Delta u (z,t) = \sum_{m=0}^{\infty} \frac{2 \Delta u_0}{M} \sin \left( \frac{M \cdot z}{H_{dr}} \right) \exp \left( -M^2 T_v \right)          M = \frac{\pi}{2} \left( 2m + 1 \right)          T_v = \frac{c_v t}{H_{dr}^2}"
groundhog.soildynamics.cyclicbehaviour,porepressureaccumulation_dssclay_andersen,cyclic_shear_stress,float,:math:`kPa`,:math:`kPa`,0.0,100000000.0,False,,Magnitude of the applied cyclic shear stress (:math:`\tau_{cy}`) [:math:`kPa`] - Suggested range: 0.0 <= cyclic_shear_stress <= 100.0
groundhog.soildynamics.cyclicbehaviour,porepressureaccumulation_dssclay_andersen,undrained_shear_strength,float,:math:`kPa`,:math:`kPa`,0.0,1.0,False,,Undrained shear strength of the normally consolidated clay measured with a DSS test (:math:`S_u^{DSS}`) [:math:`kPa`] - Suggested range: 1.0 <= undrained_shear_strength <= 100.0
groundhog.soildynamics.cyclicbehaviour,porepressureaccumulation_dssclay_andersen,cycle_no,float,:math:`-`,:math:`-`,,,False,,Number of applied cycles (:math:`N`) [:math:`-`] - Suggested range: 1.0 <= cycle_no <= 1500.0
groundhog.soildynamics.cyclicbehaviour,porepressureaccumulation_triaxialclay_andersen,cyclic_shear_stress,float,:math:`kPa`,:math:`kPa`,0.0,100000000.0,False,,Magnitude of the applied cyclic shear stress (:math:`\tau_{cy}`) [:math:`kPa`] - Suggested range: 0.0 <= cyclic_shear_stress <= 100.0
groundhog.soildynamics.cyclicbehaviour,porepressureaccumulation_triaxialclay_andersen,undrained_shear_strength,float,:math:`kPa`,:math:`kPa`,0.0,1.0,False,,Undrained shear strength of the normally consolidated clay measured with a DSS test (:math:`S_u^{DSS}`) [:math:`kPa`] - Suggested range: 1.0 <= undrained_shear_strength <= 100.0
groundhog.soildynamics.cyclicbehaviour,porepressureaccumulation_triaxialclay_andersen,cycle_no,float,:math:`-`,:math:`-`,,,False,,Number of applied cycles (:math:`N`) [:math:`-`] - Suggested range: 1.0 <= cycle_no <= 1500.0
classification.phaserelations,porosity_voidratio,voidratio,float,-,-,0.05,5.0,True,,"Void ratio defined as the ratio of volume of voids to volume of solids (<span class=""math-inline"">e</span>) [<span class=""math-inline"">-</span>] - Suggested range: 0.0 <= voidratio <= 5.0"
groundhog.shallowfoundations.settlement,primaryconsolidationsettlement_nc,initial_height,float,:math:`m`,:math:`m`,0.0,10000.0,False,,Initial thickness of the layer (:math:`H_0`) [:math:`m`] - Suggested range: initial_height >= 0.0
groundhog.shallowfoundations.settlement,primaryconsolidationsettlement_nc,initial_voidratio,float,:math:`-`,:math:`-`,0.05,5.0,False,,Initial void ratio of the layer (:math:`e_0`) [:math:`-`] - Suggested range: 0.1 <= initial_voidratio <= 5.0
groundhog.shallowfoundations.settlement,primaryconsolidationsettlement_nc,initial_effective_stress,float,:math:`kPa`,:math:`kPa`,0.0,100000000.0,False,,Initial vertical effective stress in the center of the layer (:math:`\sigma_{v0}^{\prime}`) [:math:`kPa`] - Suggested range: initial_effective_stress >= 0.0
groundhog.shallowfoundations.settlement,primaryconsolidationsettlement_nc,effective_stress_increase,float,:math:`kPa`,:math:`kPa`,0.0,100000000.0,False,,Increase in vertical effective stress under the given load (:math:`\Delta sigma_{v}^{\prime}`) [:math:`kPa`] - Suggested range: effective_stress_increase >= 0.0
groundhog.shallowfoundations.settlement,primaryconsolidationsettlement_nc,compression_index,float,:math:`-`,:math:`-`,,,False,,Compression index derived from oedometer tests (:math:`C_c`) [:math:`-`] - Suggested range: 0.1 <= compression_index <= 0.8 (derived using logarithm with base 10)
groundhog.shallowfoundations.settlement,primaryconsolidationsettlement_nc,e_min,float,:math:`-`,:math:`-`,,,False,0.3,Minimum void ratio below which no further consolidation occurs (:math:`e_{min}`) [:math:`-`] - Default=0.3  .. math::     \Delta z = \frac{H_0}{1 + e_0} C_c \log_{10} \frac{\sigma_{v0}^{\prime} + \Delta \sigma_v^{\prime}}{\sigma_{v0}^{\prime}}      \Delta e = C_c \log_{10} \frac{\sigma_{v0}^{\prime} + \Delta \sigma_v^{\prime}}{\sigma_{v0}^{\prime}}
groundhog.shallowfoundations.settlement,primaryconsolidationsettlement_oc,initial_height,float,:math:`m`,:math:`m`,0.0,10000.0,False,,Initial thickness of the layer (:math:`H_0`) [:math:`m`] - Suggested range: initial_height >= 0.0
groundhog.shallowfoundations.settlement,primaryconsolidationsettlement_oc,initial_voidratio,float,:math:`-`,:math:`-`,0.05,5.0,False,,Initial void ratio of the layer (:math:`e_0`) [:math:`-`] - Suggested range: 0.1 <= initial_voidratio <= 5.0
groundhog.shallowfoundations.settlement,primaryconsolidationsettlement_oc,initial_effective_stress,float,:math:`kPa`,:math:`kPa`,0.0,100000000.0,False,,Initial vertical effective stress in the center of the layer (:math:`\sigma_{v0)^{\prime}`) [:math:`kPa`] - Suggested range: initial_effective_stress >= 0.0
groundhog.shallowfoundations.settlement,primaryconsolidationsettlement_oc,preconsolidation_pressure,float,:math:`kPa`,:math:`kPa`,0.0,100000000.0,False,,"Preconsolidation pressure, maximum vertical stress to which the layer has been subjected (:math:`p_c^{\prime}`) [:math:`kPa`] - Suggested range: preconsolidation_pressure >= 0.0"
groundhog.shallowfoundations.settlement,primaryconsolidationsettlement_oc,effective_stress_increase,float,:math:`kPa`,:math:`kPa`,0.0,100000000.0,False,,Increase in vertical effective stress under the given load (:math:`\Delta sigma_{v}^{\prime}`) [:math:`kPa`] - Suggested range: effective_stress_increase >= 0.0
groundhog.shallowfoundations.settlement,primaryconsolidationsettlement_oc,compression_index,float,:math:`-`,:math:`-`,,,False,,Compression index derived from oedometer tests (:math:`C_c`) [:math:`-`] - Suggested range: 0.1 <= compression_index <= 0.8
groundhog.shallowfoundations.settlement,primaryconsolidationsettlement_oc,recompression_index,float,:math:`-`,:math:`-`,,,False,,Recompression index derived from the unloading step in oedometer tests (:math:`C_r`) [:math:`-`] - Suggested range: 0.015 <= recompression_index <= 0.35
groundhog.shallowfoundations.settlement,primaryconsolidationsettlement_oc,e_min,float,:math:`-`,:math:`-`,,,False,0.3,Minimum void ratio below which no further consolidation occurs (:math:`e_{min}`) [:math:`-`] - Default=0.3  .. math::     \Delta z = \frac{H_0}{1 + e_0} C_r \log_{10} \frac{\sigma_{v0}^{\prime} + \Delta \sigma_v^{\prime}}{\sigma_{v0}^{\prime}}; \ \sigma_{v0}^{\prime} + \Delta \sigma_v^{\prime} < p_c^{\prime}      \Delta z = \frac{H_0}{1 + e_0} \left( C_r \log_{10} \frac{p_c^{\prime}}{\sigma_{v0}^{\prime}} + C_c \log_{10} \frac{\sigma_{v0}^{\prime} + \Delta \sigma_v^{\prime}}{p_c^{\prime}} \right); \ \sigma_{v0}^{\prime} + \Delta \sigma_v^{\prime} > p_c^{\prime}      \Delta e = C_r \log_{10} \frac{\sigma_{v0}^{\prime} + \Delta \sigma_v^{\prime}}{\sigma_{v0}^{\prime}}; \ \sigma_{v0}^{\prime} + \Delta \sigma_v^{\prime} < p_c^{\prime}      \Delta e = C_r \log_{10} \frac{p_c^{\prime}}{\sigma_{v0}^{\prime}} + C_c \log_{10} \frac{\sigma_{v0}^{\prime} + \Delta \sigma_v^{\prime}}{p_c^{\prime}} ; \ \sigma_{v0}^{\prime} + \Delta \sigma_v^{\prime} > p_c^{\prime}
groundhog.general.soilprofile,profile_from_dataframe,df,float,-,-,,,False,,Dataframe to be converted
groundhog.general.soilprofile,profile_from_dataframe,title,str,-,-,,,False,,Title
groundhog.general.soilprofile,profile_from_dataframe,depth_key,str,-,-,0.0,10000.0,False,Depth,Column key to be used for depth (default = 'Depth')
groundhog.general.soilprofile,profile_from_dataframe,unit,str,-,-,,,False,m,Unit for the depth (default = 'm')
groundhog.general.soilprofile,profile_from_dataframe,column_mapping,dict,-,-,,,False,{},Dictionary for renaming columns. The keys in this dictionary are the old column names and the values are the new column names.
insitutests.read_site_data,read_ags,file_path,float,-,-,,,True,,Path (absolute or relative to the ags file)
insitutests.read_site_data,read_ags,groupname,string,-,-,,,True,,Name of the AGS group exactly as it is written in the AGS file
insitutests.read_site_data,read_ags,combine_headers,boolean,-,-,,,False,True,Boolean determining whether the units are included in the header or not
insitutests.read_site_data,read_ags,includes_type,boolean,-,-,,,False,True,Boolean determining whether a TYPE is included with the data
groundhog.general.soilprofile,read_excel,path,float,-,-,,,False,,Path
groundhog.general.soilprofile,read_excel,title,str,-,-,,,False,,Title
groundhog.general.soilprofile,read_excel,depth_key,str,-,-,0.0,10000.0,False,Depth,Depth Key
groundhog.general.soilprofile,read_excel,unit,str,-,-,,,False,m,Unit
groundhog.general.soilprofile,read_excel,column_mapping,dict,-,-,,,False,{},Column Mapping
groundhog.general.soilprofile,read_excel,depth_multiplier,int,-,-,0.0,10000.0,False,1,Depth Multiplier
classification.phaserelations,relative_density,void_ratio,float,-,-,0.05,5.0,True,,"Void ratio of the sample (<span class=""math-inline"">e</span>) [<span class=""math-inline"">-</span>] - Suggested range: 0.0 <= void_ratio <= 5.0"
classification.phaserelations,relative_density,e_min,float,-,-,,,True,,"Void ratio at the minimum density (<span class=""math-inline"">e_{min}</span>) [<span class=""math-inline"">-</span>] - Suggested range: 0.0 <= e_min <= 5.0"
classification.phaserelations,relative_density,e_max,float,-,-,,,True,,"Void ratio at the maximum density (<span class=""math-inline"">e_{max}</span>) [<span class=""math-inline"">-</span>] - Suggested range: 0.0 <= e_max <= 5.0"
classification.categories,relativedensity_categories,relative_density,float,-,-,0.0,50.0,True,,"Relative density of cohesionless material (<span class=""math-inline"">D_r</span>) [<span class=""math-inline"">-</span>] - Suggested range: 0.0 <= relative_density <= 1.0"
insitutests.pcpt_correlations,relativedensity_ncsand_baldi,qc,float,MPa,MPa,0.0,100000000.0,True,,"Cone tipe resistance (<span class=""math-inline"">q_c</span>) [<span class=""math-inline"">MPa</span>] - Suggested range: 0.0 <= qc <= 120.0"
insitutests.pcpt_correlations,relativedensity_ncsand_baldi,sigma_vo_eff,float,kPa,kPa,,,True,,"Vertical effective stress (<span class=""math-inline"">\sigma_{vo}^{\prime}</span>) [<span class=""math-inline"">kPa</span>] - Suggested range: sigma_vo_eff >= 0.0"
insitutests.pcpt_correlations,relativedensity_ncsand_baldi,coefficient_0,float,-,-,,,False,157.0,"Coefficient C0 (<span class=""math-inline"">C_0</span>) [<span class=""math-inline"">-</span>] (optional, default= 157.0)"
insitutests.pcpt_correlations,relativedensity_ncsand_baldi,coefficient_1,float,-,-,,,False,0.55,"Coefficient C1 (<span class=""math-inline"">C_1</span>) [<span class=""math-inline"">-</span>] (optional, default= 0.55)"
insitutests.pcpt_correlations,relativedensity_ncsand_baldi,coefficient_2,float,-,-,,,False,2.41,"Coefficient C2 (<span class=""math-inline"">C_2</span>) [<span class=""math-inline"">-</span>] (optional, default= 2.41)"
insitutests.pcpt_correlations,relativedensity_ocsand_baldi,qc,float,MPa,MPa,0.0,100000000.0,True,,"Cone tip resistance (<span class=""math-inline"">q_c</span>) [<span class=""math-inline"">MPa</span>] - Suggested range: 0.0 <= qc <= 120.0"
insitutests.pcpt_correlations,relativedensity_ocsand_baldi,sigma_vo_eff,float,kPa,kPa,,,True,,"Vertical effective stress (<span class=""math-inline"">\sigma_{vo}^{\prime}</span>) [<span class=""math-inline"">kPa</span>] - Suggested range: sigma_vo_eff >= 0.0"
insitutests.pcpt_correlations,relativedensity_ocsand_baldi,k0,float,-,-,,,True,,"Coefficient of lateral earth pressure (<span class=""math-inline"">K_o</span>) [<span class=""math-inline"">-</span>] - Suggested range: 0.3 <= k0 <= 5.0"
insitutests.pcpt_correlations,relativedensity_ocsand_baldi,coefficient_0,float,-,-,,,False,181.0,"Coefficient C0 (<span class=""math-inline"">C_0</span>) [<span class=""math-inline"">-</span>] (optional, default= 181.0)"
insitutests.pcpt_correlations,relativedensity_ocsand_baldi,coefficient_1,float,-,-,,,False,0.55,"Coefficient C1 (<span class=""math-inline"">C_1</span>) [<span class=""math-inline"">-</span>] (optional, default= 0.55)"
insitutests.pcpt_correlations,relativedensity_ocsand_baldi,coefficient_2,float,-,-,,,False,2.61,"Coefficient C2 (<span class=""math-inline"">C_2</span>) [<span class=""math-inline"">-</span>] (optional, default= 2.61)"
insitutests.pcpt_correlations,relativedensity_sand_jamiolkowski,qc,float,MPa,MPa,0.0,100000000.0,True,,"Cone tip resistance (<span class=""math-inline"">q_c</span>) [<span class=""math-inline"">MPa</span>] - Suggested range: 0.0 <= qc <= 120.0"
insitutests.pcpt_correlations,relativedensity_sand_jamiolkowski,sigma_vo_eff,float,kPa,kPa,,,True,,"Vertical effective stress (<span class=""math-inline"">\sigma_{vo}^{\prime}</span>) [<span class=""math-inline"">kPa</span>] - Suggested range: 50.0 <= sigma_vo_eff <= 400.0"
insitutests.pcpt_correlations,relativedensity_sand_jamiolkowski,k0,float,-,-,,,True,,"Coefficient of lateral earth pressure (<span class=""math-inline"">K_o</span>) [<span class=""math-inline"">-</span>] - Suggested range: 0.4 <= k0 <= 1.5"
insitutests.pcpt_correlations,relativedensity_sand_jamiolkowski,atmospheric_pressure,float,kPa,kPa,0.0,100000000.0,False,100.0,"Atmospheric pressure used for normalisation (<span class=""math-inline"">P_a</span>) [<span class=""math-inline"">kPa</span>] (optional, default= 100.0)"
insitutests.pcpt_correlations,relativedensity_sand_jamiolkowski,coefficient_1,float,-,-,,,False,2.96,"First calibration coefficient (:math:``) [<span class=""math-inline"">-</span>] (optional, default= 2.96)"
insitutests.pcpt_correlations,relativedensity_sand_jamiolkowski,coefficient_2,float,-,-,,,False,24.94,"Second calibration coefficient (:math:``) [<span class=""math-inline"">-</span>] (optional, default= 24.94)"
insitutests.pcpt_correlations,relativedensity_sand_jamiolkowski,coefficient_3,float,-,-,,,False,0.46,"Third calibration coefficient (:math:``) [<span class=""math-inline"">-</span>] (optional, default= 0.46)"
insitutests.pcpt_correlations,relativedensity_sand_jamiolkowski,coefficient_4,float,-,-,,,False,-1.87,"Fourth calibration coefficient (:math:``) [<span class=""math-inline"">-</span>] (optional, default= -1.87)"
insitutests.pcpt_correlations,relativedensity_sand_jamiolkowski,coefficient_5,float,-,-,,,False,2.32,"Fifth calibration coefficient (:math:``) [<span class=""math-inline"">-</span>] (optional, default= 2.32)"
insitutests.spt_correlations,relativedensity_spt_kulhawymayne,N1_60,float,-,-,,,True,,"SPT number corrected for overburden stress and energy (<span class=""math-inline"">(N_1)_{60}</span>) [<span class=""math-inline"">-</span>] - Suggested range: 0.0 <= N_1_60 <= 100.0"
insitutests.spt_correlations,relativedensity_spt_kulhawymayne,d_50,float,mm,mm,,,True,,"Median grain size (<span class=""math-inline"">d_{50}</span>) [<span class=""math-inline"">mm</span>] - Suggested range: 0.002 <= d_50 <= 20.0"
insitutests.spt_correlations,relativedensity_spt_kulhawymayne,calibration_factor_1,float,-,-,,,False,60.0,"First calibration factor (:math:``) [<span class=""math-inline"">-</span>] (optional, default= 60.0)"
insitutests.spt_correlations,relativedensity_spt_kulhawymayne,calibration_factor_2,float,-,-,,,False,25.0,"Second calibration factor (:math:``) [<span class=""math-inline"">-</span>] (optional, default= 25.0)"
insitutests.spt_correlations,relativedensity_spt_kulhawymayne,time_since_deposition,float,years,years,,,False,1.0,"Time since deposition (<span class=""math-inline"">t</span>) [<span class=""math-inline"">years</span>] - Suggested range: time_since_deposition >= 1.0 (optional, default= 1.0)"
insitutests.spt_correlations,relativedensity_spt_kulhawymayne,ocr,float,-,-,,,False,1.0,"Overconsolidation ratio (<span class=""math-inline"">OCR</span>) [<span class=""math-inline"">-</span>] - Suggested range: 1.0 <= ocr <= 50.0 (optional, default= 1.0)"
insitutests.spt_correlations,relativedensity_spt_kulhawymayne,ca_override,float,-,-,,,False,nan,"Direct specification of factor CA (<span class=""math-inline"">C_A</span>) [<span class=""math-inline"">-</span>] - Suggested range: ca_override >= 1.0 (optional, default= np.nan)"
insitutests.spt_correlations,relativedensity_spt_kulhawymayne,cocr_override,float,-,-,,,False,nan,"Direct specification of factor COCR (<span class=""math-inline"">C_{OCR}</span>) [<span class=""math-inline"">-</span>] - Suggested range: cocr_override >= 1.0 (optional, default= np.nan)"
insitutests.spt_correlations,relativedensityclass_spt_terzaghipeck,N,float,-,-,,,True,,"Uncorrected SPT N number (<span class=""math-inline"">N</span>) [-] - Suggested range: 0.0 <= N <= 60.0"
groundhog.general.soilprofile,retrieve_geological_profile_bro,x,float,-,-,,,False,,X-coordinate of the location in EPSG 28992 (RD) coordinates
groundhog.general.soilprofile,retrieve_geological_profile_bro,y,float,-,-,,,False,,Y-coordinate of the location in EPSG 28992 (RD) coordinates
groundhog.general.soilprofile,retrieve_geological_profile_bro,zmin,float,-,-,0.0,10000.0,False,,Minimum z coordinate in NAP
groundhog.general.soilprofile,retrieve_geological_profile_bro,zmax,float,-,-,0.0,10000.0,False,,Maximum z coordinate in NAP
groundhog.general.soilprofile,retrieve_geological_profile_bro,model,str,-,-,,,False,lithok,Type of model for stratigraphic information (choose from ``'lithok'`` or ``'strat'``)
groundhog.general.soilprofile,retrieve_geological_profile_bro,namecutoff,int,-,-,,,False,30,Maximum number of characters for the geological units
groundhog.general.soilprofile,retrieve_geological_profile_dov,x,float,-,-,,,False,,X-coordinate of the location in Lambert72 coordinates
groundhog.general.soilprofile,retrieve_geological_profile_dov,y,float,-,-,,,False,,Y-coordinate of the location in Lambert72 coordinates
groundhog.general.soilprofile,retrieve_geological_profile_dov,model,str,-,-,,,False,g3dv3_L,Type of model for stratigraphic information (see https://www.milieuinfo.be/confluence/display/DDOV/Virtuele+Boring+-+Virtueel+Profiel+API)
groundhog.general.soilprofile,retrieve_geological_profile_dov,namecutoff,int,-,-,,,False,30,Maximum number of characters for the geological units
groundhog.general.parameter_mapping,reverse_dict,input_dict,float,-,-,,,False,,Dictionary with just 1 level
labtesting.compressibility,roottimemethod,times,float,m,m,,,True,,"Array with time values in seconds, increasing from 0s at the start of the test"
labtesting.compressibility,roottimemethod,settlements,float,m,m,,,True,,"Array with settlement values, increasing from 0 at the origin. The units are not important as only the time for 90% consolidation is determined."
labtesting.compressibility,roottimemethod,drainagelength,float,m,m,0.0,10000.0,True,,"Drainage length for the consolidation (<span class=""math-inline"">H_{dr}</span>) [m] - Suggested range: drainagelength > 0"
labtesting.compressibility,roottimemethod,initialguess_override,float,-,-,,,False,nan,"Override for the initial guess for <span class=""math-inline"">\sqrt{t_{90}}</span>, default=np.nan"
labtesting.compressibility,roottimemethod,xrange,string,-,-,,,False,"(0, 100)",Xrange
labtesting.compressibility,roottimemethod,showfig,boolean,-,-,,,False,True,Showfig
classification.categories,samplequality_voidratio_lunne,voidratio,float,-,-,0.05,5.0,True,,"Initial void ratio (<span class=""math-inline"">e_0</span>) [-] - Suggested range: 0.3 <= voidratio <= 3.0"
classification.categories,samplequality_voidratio_lunne,voidratio_change,float,-,-,0.0,1.0,True,,"Change in void ratio when consolidating to in-situ stress (<span class=""math-inline"">\Delta e</span>) [-] - Suggested range: -1 <= voidratio <= 1"
classification.categories,samplequality_voidratio_lunne,ocr,float,-,-,,,True,,"Overconsolidation ratio (<span class=""math-inline"">\text{OCR}</span>) [-] - Suggested range: 1 <= voidratio <= 4.0"
classification.phaserelations,saturation_watercontent,water_content,float,-,-,,,True,,"Water content of the soil defined as the ratio of weight of water to weight of solids (<span class=""math-inline"">w</span>) [<span class=""math-inline"">-</span>] - Suggested range: 0.0 <= water_content <= 4.0"
classification.phaserelations,saturation_watercontent,voidratio,float,-,-,0.05,5.0,True,,"Ratio of volume of voids to volume of solids (<span class=""math-inline"">e</span>) [<span class=""math-inline"">-</span>] - Suggested range: 0.0 <= voidratio <= 4.0"
classification.phaserelations,saturation_watercontent,specific_gravity,float,-,-,,,False,2.65,"Specific gravity of the soil grains (<span class=""math-inline"">G_s</span>) [<span class=""math-inline"">-</span>] - Suggested range: 1.0 <= specific_gravity <= 3.0 (optional, default= 2.65)"
labtesting.compressibility,selectpoints,nopoints,float,-,-,,,True,,Nopoints
labtesting.compressibility,selectpoints,timeout,float,-,-,,,False,60,Timeout
insitutests.pcpt_correlations,sensitivity_frictionratio_lunne,Rf,float,percent,percent,,,True,,"Friction ratio (<span class=""math-inline"">R_f = f_t / q_t</span>) [<span class=""math-inline"">percent</span>] - Suggested range: 0.5 <= Rf <= 2.2"
correlations.general,shearwavevelocity_compressionindex_cha,Cc,float,-,-,,,True,,"Compression index (<span class=""math-inline"">C_c</span>) [<span class=""math-inline"">-</span>] - Suggested range: 0.005 <= Cc <= 1.2"
correlations.general,shearwavevelocity_compressionindex_cha,sigma_eff_particle_motion,float,kPa,kPa,,,True,,"Effective stress in the direction of particle motion (<span class=""math-inline"">\sigma_{\perp}^{\prime}</span>) [<span class=""math-inline"">kPa</span>] - Suggested range: 10 <= sigma_eff_particle_motion <= 1200"
correlations.general,shearwavevelocity_compressionindex_cha,sigma_eff_wave_propagation,float,kPa,kPa,,,True,,"Effective stress in the direction of wave propagation (<span class=""math-inline"">\sigma_{\parallel}^{\prime}</span>) [<span class=""math-inline"">kPa</span>] - Suggested range: 10 <= sigma_eff_wave_propagation <= 1200"
correlations.general,shearwavevelocity_compressionindex_cha,alpha,float,-,-,,,False,nan,"Custom alpha-factor in the power law (<span class=""math-inline"">\alpha</span>) [<span class=""math-inline"">-</span>] - Suggested range: 5 <= alpha <= 1000 (optional, default=``np.nan``)"
correlations.general,shearwavevelocity_compressionindex_cha,beta,float,-,-,,,False,nan,"Custom beta-factor in the power law (<span class=""math-inline"">\beta</span>) [<span class=""math-inline"">-</span>] - Suggested range: 0.0 <= beta <= 0.6 (optional, default= ´´np.nan´´)"
correlations.general,shearwavevelocity_compressionindex_cha,calibration_factor_alpha_1,float,-,-,,,False,13.5,"First calibration factor for alpha [<span class=""math-inline"">-</span>] (optional, default= 13.5)"
correlations.general,shearwavevelocity_compressionindex_cha,calibration_factor_alpha_2,float,-,-,,,False,-0.63,"Second calibration factor for alpha [<span class=""math-inline"">-</span>] (optional, default= 0.63)"
correlations.general,shearwavevelocity_compressionindex_cha,calibration_factor_beta_1,float,-,-,,,False,0.17,"First calibration factor for beta [<span class=""math-inline"">-</span>] (optional, default= 0.17)"
correlations.general,shearwavevelocity_compressionindex_cha,calibration_factor_beta_2,float,-,-,,,False,0.43,"First calibration factor for alpha [<span class=""math-inline"">-</span>] (optional, default= 0.43)"
groundhog.shallowfoundations.capacity,slidingcapacity_drained_api,vertical_load,float,:math:`kN`,:math:`kN`,,,False,,Actual vertical load during relevant loading condition (:math:`Q`) [:math:`kN`]  - Suggested range: 0.0<=vertical_load
groundhog.shallowfoundations.capacity,slidingcapacity_drained_api,effective_friction_angle,float,:math:`deg`,:math:`deg`,0.0,60.0,False,,Effective friction angle (for appropriate stress level at foundation base) (:math:`\phi^{\prime}`) [:math:`deg`]  - Suggested range: 20.0<=effective_friction_angle<=50.0
groundhog.shallowfoundations.capacity,slidingcapacity_drained_api,effective_unit_weight,float,:math:`kN/m3`,:math:`kN/m3`,,,False,,Effective unit weight (:math:`\gamma^{\prime}`) [:math:`kN/m3`]  - Suggested range: 3.0<=effective_unit_weight<=12.0
groundhog.shallowfoundations.capacity,slidingcapacity_drained_api,embedded_section_area,float,:math:`m2`,:math:`m2`,,,False,0.0,"Embedded vertical cross-sectional area of foundation (:math:`A_h`) [:math:`m2`] (optional, default=0.0) - Suggested range: 0.0<=embedded_section_area"
groundhog.shallowfoundations.capacity,slidingcapacity_drained_api,depth_to_base,float,:math:`m`,:math:`m`,0.0,10000.0,False,0.0,"Depth below seafloor to base level (:math:`D_b`) [:math:`m`] (optional, default=0.0) - Suggested range: 0.0<=depth_to_base"
groundhog.shallowfoundations.capacity,slidingcapacity_drained_api,reaction_factor_override,float,:math:`-`,:math:`-`,,,False,nan,"Drained horizontal reaction factor (:math:`K_{rd}`) [:math:`-`] (optional, default=np.nan) - Suggested range: 0.0<=reaction_factor_override  .. math::     H_d^{\prime} = Q \cdot \tan \phi^{\prime}      \Delta H = 0.5 \cdot K_{rd} \cdot \gamma^{\prime} \cdot D_b \cdot A_h      K_{rd} = K_p - (1/K_p)      K_p = \tan^2 (45^{\circ} + 0.5 \phi^{\prime})"
groundhog.shallowfoundations.capacity,slidingcapacity_undrained_api,su_base,float,:math:`kPa`,:math:`kPa`,0.0,100000000.0,False,,Undrained shear strength at foundation base level (:math:`S_{uo}`) [:math:`kPa`]  - Suggested range: 0.0<=su_base
groundhog.shallowfoundations.capacity,slidingcapacity_undrained_api,foundation_area,float,:math:`m2`,:math:`m2`,,,False,,Actual foundation area (not the effective area!) (:math:`A`) [:math:`m2`]  - Suggested range: 0.0<=foundation_area
groundhog.shallowfoundations.capacity,slidingcapacity_undrained_api,su_above_base,float,:math:`kPa`,:math:`kPa`,0.0,100000000.0,False,0.0,"Average undrained shear strength along the skirt depth (:math:`S_{u,ave}`) [:math:`kPa`] (optional, default=0.0) - Suggested range: 0.0<=su_skirts"
groundhog.shallowfoundations.capacity,slidingcapacity_undrained_api,embedded_section_area,float,:math:`m2`,:math:`m2`,,,False,0.0,"Embedded vertical cross-sectional area of foundation (:math:`A_h`) [:math:`m2`] (optional, default=0.0) - Suggested range: 0.0<=embedded_section_area"
groundhog.shallowfoundations.capacity,slidingcapacity_undrained_api,soil_reaction_coefficient,float,:math:`-`,:math:`-`,,,False,4.0,"Soil reaction coefficient Kru. A value of 4 is recommended for full contact. If active soil resistance cannot be relied upon, the factor should be reduced to 2 (:math:`K_{ru}`) [:math:`-`] (optional, default=4.0) - Suggested range: 1.0<=soil_reaction_coefficient<=6.0  .. math::     H_d = S_{uo} \cdot A      \Delta H = K_{ru} \cdot (S_{u,ave}) \cdot A_h"
insitutests.pcpt_correlations,soilclass_robertson,ic_class_number,float,-,-,,,True,,"Soil behaviour type index class number (<span class=""math-inline"">I_c</span>) [<span class=""math-inline"">-</span>] - Suggested range: ic = 1 to 9"
insitutests.pcpt_correlations,soiltype_vs_longodonohue,Vs,float,m/s,m/s,,,True,,"Shear wave velocity (<span class=""math-inline"">V_s</span>) [<span class=""math-inline"">m/s</span>] - Suggested range: 0.0 <= Vs <= 600.0"
insitutests.pcpt_correlations,soiltype_vs_longodonohue,Qt,float,-,-,,,True,,"Normalised cone resistance (<span class=""math-inline"">Q_t</span>) [<span class=""math-inline"">-</span>] - Suggested range: 0.0 <= Qt <= 200.0"
insitutests.pcpt_correlations,soiltype_vs_longodonohue,sigma_vo_eff,float,kPa,kPa,,,True,,"Vertical effective stress (<span class=""math-inline"">\sigma_{vo}^{\prime}</span>) [<span class=""math-inline"">kPa</span>] - Suggested range: 0.0 <= sigma_vo_eff <= 1000.0"
insitutests.pcpt_correlations,soiltype_vs_longodonohue,atmospheric_pressure,float,kPa,kPa,0.0,100000000.0,False,100.0,"Atmospheric pressure (<span class=""math-inline"">P_a</span>) [<span class=""math-inline"">kPa</span>] (optional, default= 100.0)"
insitutests.spt_correlations,spt_N60_correction,N,float,-,-,,,True,,"Field value of SPT N number (<span class=""math-inline"">N</span>) [<span class=""math-inline"">-</span>] - Suggested range: N >= 0.0"
insitutests.spt_correlations,spt_N60_correction,borehole_diameter,float,mm,mm,0.0,10000.0,True,,"Diameter of the borehole (<span class=""math-inline"">D</span>) [<span class=""math-inline"">mm</span>] - Suggested range: 60.0 <= borehole_diameter <= 200.0"
insitutests.spt_correlations,spt_N60_correction,rod_length,float,m,m,0.0,10000.0,True,,"Length of rods connecting hammer with sampler (<span class=""math-inline"">L</span>) [<span class=""math-inline"">m</span>] - Suggested range: rod_length >= 0.0"
insitutests.spt_correlations,spt_N60_correction,country,float,:math:`pct`,:math:`pct`,,,True,,"Country where SPT test is executed - Options: ('Japan', 'United States', 'Argentina', 'China', 'Other'). If 'Other' is chosen, an override for <span class=""math-inline"">\eta_H</span> should be specified"
insitutests.spt_correlations,spt_N60_correction,hammertype,string,:math:`pct`,:math:`pct`,,,True,,"Type of hammer used - Options: ('Donut', 'Safety')"
insitutests.spt_correlations,spt_N60_correction,hammerrelease,float,:math:`pct`,:math:`pct`,,,True,,"Release mechanism for the hammer - Options: ('Free fall', 'Rope and pulley')"
insitutests.spt_correlations,spt_N60_correction,samplertype,string,:math:`pct`,:math:`pct`,,,False,Standard sampler,"Type of sampler used (optional, default= 'Standard sampler') - Options: ('Standard sampler', 'With liner for dense sand and clay', 'With liner for loose sand')"
insitutests.spt_correlations,spt_N60_correction,eta_H,float,pct,pct,,,False,nan,"Correction factor for hammer efficiency (<span class=""math-inline"">\eta_H</span>) [<span class=""math-inline"">pct</span>] - Suggested range: 0.0 <= eta_H <= 100.0 (optional, default= np.nan)"
insitutests.spt_correlations,spt_N60_correction,eta_B,float,-,-,,,False,nan,"Correction factor for borehole diameter (<span class=""math-inline"">\eta_B</span>) [<span class=""math-inline"">-</span>] - Suggested range: 1.0 <= eta_B <= 1.2 (optional, default= np.nan)"
insitutests.spt_correlations,spt_N60_correction,eta_S,float,-,-,,,False,nan,"Correction factor for sampler type (<span class=""math-inline"">\eta_S</span>) [<span class=""math-inline"">-</span>] - Suggested range: 0.8 <= eta_S <= 1.0 (optional, default= np.nan)"
insitutests.spt_correlations,spt_N60_correction,eta_R,float,-,-,,,False,nan,"Correction factor for rod length (<span class=""math-inline"">\eta_R</span>) [<span class=""math-inline"">-</span>] - Suggested range: 0.75 <= eta_R <= 1.0 (optional, default= np.nan)"
groundhog.soildynamics.cyclicbehaviour,strainaccumulation_dssclay_andersen,cyclic_shear_stress,float,:math:`kPa`,:math:`kPa`,0.0,100000000.0,False,,Magnitude of the applied cyclic shear stress (:math:`\tau_{cy}`) [:math:`kPa`] - Suggested range: 0.0 <= cyclic_shear_stress <= 100.0
groundhog.soildynamics.cyclicbehaviour,strainaccumulation_dssclay_andersen,undrained_shear_strength,float,:math:`kPa`,:math:`kPa`,0.0,1.0,False,,Undrained shear strength of the normally consolidated clay measured with a DSS test (:math:`S_u^{DSS}`) [:math:`kPa`] - Suggested range: 1.0 <= undrained_shear_strength <= 100.0
groundhog.soildynamics.cyclicbehaviour,strainaccumulation_dssclay_andersen,cycle_no,float,:math:`-`,:math:`-`,,,False,,Number of applied cycles (:math:`N`) [:math:`-`] - Suggested range: 1.0 <= cycle_no <= 1500.0
groundhog.soildynamics.cyclicbehaviour,strainaccumulation_dsssand_andersen,shearstress_ratio,float,:math:`-`,:math:`-`,0.0,100000000.0,False,,Ratio cyclic shear stress to reference effective stress (:math:`\tau_{cy} / \sigma_{ref}^{\prime}`) [:math:`-`] - Suggested range: 0.0 <= shearstress_ratio <= 2.0
groundhog.soildynamics.cyclicbehaviour,strainaccumulation_dsssand_andersen,cycle_no,float,:math:`-`,:math:`-`,,,False,,Number of applied cycles (:math:`N`) [:math:`-`] - Suggested range: 1.0 <= cycle_no <= 1000.0
groundhog.soildynamics.cyclicbehaviour,strainaccumulation_dsssand_andersen,failure_stress_ratio,float,:math:`-`,:math:`-`,0.0,100000000.0,False,,"Ratio of cyclic shear stress to vertical effective stress for failure at N=10 (:math:`( \tau_{cy} / \sigma_{ref}^{\prime})_{N=10}`) [:math:`-`] - Allowable value: [0.19, 0.25, 0.6, 1.0, 1.8]"
groundhog.soildynamics.cyclicbehaviour,strainaccumulation_triaxialclay_andersen,cyclic_shear_stress,float,:math:`kPa`,:math:`kPa`,0.0,100000000.0,False,,Magnitude of the applied cyclic shear stress (:math:`\tau_{cy}`) [:math:`kPa`] - Suggested range: 0.0 <= cyclic_shear_stress <= 100.0
groundhog.soildynamics.cyclicbehaviour,strainaccumulation_triaxialclay_andersen,undrained_shear_strength,float,:math:`kPa`,:math:`kPa`,0.0,1.0,False,,Undrained shear strength of the normally consolidated clay measured with a triaxial compression test (:math:`S_u^{C}`) [:math:`kPa`] - Suggested range: 1.0 <= undrained_shear_strength <= 100.0
groundhog.soildynamics.cyclicbehaviour,strainaccumulation_triaxialclay_andersen,cycle_no,float,:math:`-`,:math:`-`,,,False,,Number of applied cycles (:math:`N`) [:math:`-`] - Suggested range: 1.0 <= cycle_no <= 1500.0
groundhog.deepfoundations.boreholestability.cavityexpansion,stress_cylinder_elastic_isotropic,radius,float,:math:`m`,:math:`m`,0.0,10000.0,False,,Radius or radii at which to calculate the stresses (float or NumPy array) (:math:`r`) [:math:`m`] - Suggested range: radius >= 0.0
groundhog.deepfoundations.boreholestability.cavityexpansion,stress_cylinder_elastic_isotropic,internal_pressure,float,:math:`kPa`,:math:`kPa`,0.0,100000000.0,False,,Internal pressure on the borehole (:math:`p`) [:math:`kPa`] - Suggested range: internal_pressure >= 0.0
groundhog.deepfoundations.boreholestability.cavityexpansion,stress_cylinder_elastic_isotropic,farfield_pressure,float,:math:`kPa`,:math:`kPa`,0.0,100000000.0,False,,"Far-field pressure, equal to the virgin horizontal stress (:math:`p_0`) [:math:`kPa`] - Suggested range: farfield_pressure >= 0.0"
groundhog.deepfoundations.boreholestability.cavityexpansion,stress_cylinder_elastic_isotropic,borehole_radius,float,:math:`m`,:math:`m`,0.0,10000.0,False,,Radius of the borehole (:math:`a`) [:math:`m`] - Suggested range: borehole_radius >= 0.0
groundhog.deepfoundations.boreholestability.cavityexpansion,stress_cylinder_elastic_isotropic,shear_modulus,float,:math:`kPa`,:math:`kPa`,0.0,100000000.0,False,nan,"Shear modulus used to calculate the radial displacement (:math:`G`) [:math:`kPa`] - Suggested range: shear_modulus >= 0.0 (optional, default=np.nan). If unspecified, radial displacements are not calculated  .. math::     \frac{d \sigma_{r}}{dr} + \frac{\left(\sigma_{r} - \sigma_{\theta} \right)}{r} = 0      \sigma_r | _{r=a} = p \\     \sigma_r | _{r=a} = p_0      \sigma_{r} = p_0 + \left( p - p_0 \right) \cdot \left( \frac{a}{r} \right)^2      \sigma_{\theta} = p_0 - \left( p - p_0 \right) \cdot \left( \frac{a}{r} \right)^2"
correlations.cohesionless,stress_dilatancy_bolton,relative_density,float,-,-,0.0,50.0,True,,"Relative density of the material (<span class=""math-inline"">D_{r)</span>) [<span class=""math-inline"">-</span>] - Suggested range: 0.1 <= relative_density <= 1.0"
correlations.cohesionless,stress_dilatancy_bolton,p_eff,float,kPa,kPa,,,True,,"Effective pressure (<span class=""math-inline"">p_{eff)^{\prime}</span>) [kPa] - Suggested range: 20 <= p_eff <= 10000. In the discussion following the paper publication, a remark was made that using a minimum value of 150kPa for the effective pressure is prudent."
correlations.cohesionless,stress_dilatancy_bolton,Q,float,-,-,,,False,10,"First calibration factor in the equation for relative dilatancy index (<span class=""math-inline"">Q</span>) (optional: Default = 10 for quartz and feldspar sands, See Table 2 in Bolton's paper for other grain types)- Suggested range: 5 <= Q <= 10"
correlations.cohesionless,stress_dilatancy_bolton,R,float,-,-,,,False,1,"Second calibration factor in the equation for relative dilatancy index (<span class=""math-inline"">R</span>) (optional: Default = 1)"
correlations.cohesionless,stress_dilatancy_bolton,stress_condition,string,-,-,0.0,100000000.0,False,triaxial strain,Assumed stress condition: Choose between ``'triaxial strain'`` and ``'plane strain'``
groundhog.shallowfoundations.stressdistribution,stresses_circle,z,float,:math:`m`,:math:`m`,0.0,10000.0,False,,Depth below the base of the foundation (:math:`z`) [:math:`m`] - Suggested range: z >= 0.0
groundhog.shallowfoundations.stressdistribution,stresses_circle,footing_radius,float,:math:`m`,:math:`m`,0.0,10000.0,False,,Radius of the circular foundation (:math:`r_0`) [:math:`m`] - Suggested range: footing_radius >= 0.0
groundhog.shallowfoundations.stressdistribution,stresses_circle,imposedstress,float,:math:`kPa`,:math:`kPa`,0.0,100000000.0,False,,Applied uniform stress to the circular footing (:math:`q_s`) [:math:`kPa`]
groundhog.shallowfoundations.stressdistribution,stresses_circle,poissonsratio,float,:math:`-`,:math:`-`,-1.0,0.5,False,,Poissons ratio for the soil material (:math:`\nu`) [:math:`-`] - Suggested range: 0.0 <= poissonsratio <= 0.5  .. math::     \Delta \sigma_z = q_s \left[ 1 - \left( \frac{1}{1 + (r_0 / z)^2} \right)^{3/2} \right]      \Delta \sigma_r = \Delta \sigma_{\theta} = \frac{q_s}{2} \left[ (1 + 2 \nu) - \frac{4 (1 + \nu)}{\sqrt{1 + (r_0 / z)^2}} + \frac{1}{\left[ 1 + (r_0 / z)^2 \right]^{3/2}} \right]
groundhog.shallowfoundations.stressdistribution,stresses_pointload,pointload,float,:math:`kN`,:math:`kN`,,,False,,Magnitude of the point load (:math:`Q`) [:math:`kN`]
groundhog.shallowfoundations.stressdistribution,stresses_pointload,z,float,:math:`m`,:math:`m`,0.0,10000.0,False,,Vertical distance from the surface to the point where the stresses are calculated (:math:`z`) [:math:`m`]
groundhog.shallowfoundations.stressdistribution,stresses_pointload,r,float,:math:`m`,:math:`m`,,,False,,Radial distance from the surface to the point where the stresses are calculated (:math:`r`) [:math:`m`]
groundhog.shallowfoundations.stressdistribution,stresses_pointload,poissonsratio,float,:math:`-`,:math:`-`,-1.0,0.5,False,,Poisson's ratio (:math:`\nu`) [:math:`-`] - Suggested range: 0.0 <= poissonsratio <= 0.5  .. math::     \Delta \sigma_z = \frac{3Q}{2 \pi z^2 \left[ 1 + \left( \frac{r}{z} \right)^2 \right]^{5/2}}      \Delta \sigma_r = \frac{Q}{2 \pi} \left( \frac{3 r^2 z}{(r^2 + z^2)^{5/2}} - \frac{1 - 2 \nu}{r^2 + z^2 + z \left( r^2 + z^2 \right)^{1/2}}\right)      \Delta \sigma_{\theta} = \frac{Q}{2 \pi} \left( 1 - 2 \nu \right) \left( \frac{z}{\left( r^2 + z^2 \right)^{3/2}} - \frac{1}{r^2 + z^2 + z \left( r^2 + z^2 \right)^{1/2} } \right)      \Delta \tau_{rz} = \frac{3 Q}{2 \pi} \left[ \frac{r z^2}{\left( r^2 + z^2 \right)^{5/2}} \right]
groundhog.shallowfoundations.stressdistribution,stresses_rectangle,imposedstress,float,:math:`kPa`,:math:`kPa`,0.0,100000000.0,False,,Stress applied to the uniformly loaded area (:math:`q_s`) [:math:`kPa`]
groundhog.shallowfoundations.stressdistribution,stresses_rectangle,length,float,:math:`m`,:math:`m`,0.0,10000.0,False,,Dimension of the longest edge of the rectangle (:math:`L`) [:math:`m`] - Suggested range: length >= 0.0
groundhog.shallowfoundations.stressdistribution,stresses_rectangle,width,float,:math:`m`,:math:`m`,0.0,10000.0,False,,Dimension of the shortest edge of the rectangle (:math:`B`) [:math:`m`] - Suggested range: width >= 0.0
groundhog.shallowfoundations.stressdistribution,stresses_rectangle,z,float,:math:`m`,:math:`m`,0.0,10000.0,False,,Depth below the footing (:math:`z`) [:math:`m`] - Suggested range: z >= 0.0  .. math::     \Delta \sigma_z = \frac{q_s}{2 \pi} \left[ \tan^{-1) \frac{L B}{z R_3} + \frac{L B z}{R_3} \left( \frac{1}{R_1^2} + \frac{1}{R_2^2} \right) \right]      \Delta \sigma_x = \frac{q_s}{2 \pi} \left[ \tan^{-1) \frac{L B}{z R_3} - \frac{L B z}{R_1^2 R_3} \right]      \Delta \sigma_y = \frac{q_s}{2 \pi} \left[ \tan^{-1) \frac{L B}{z R_3} - \frac{L B z}{R_2^2 R_3} \right]      \Delta \tau_{zx} = \frac{q_s}{2 \pi} \left[ \frac{B}{R_2} - \frac{z^2 B}{R_1^2 R_3} \right]      \text{where}      R_1 = \sqrt{L^2 + z^2}      R_2 = \sqrt{B^2 + z^2}      R_3 = \sqrt{L^2 + B^2 + z^2}
groundhog.shallowfoundations.stressdistribution,stresses_stripload,z,float,:math:`m`,:math:`m`,0.0,10000.0,False,,Vertical distance from the soil surface (:math:`z`) [:math:`m`] - Suggested range: z >= 0.0
groundhog.shallowfoundations.stressdistribution,stresses_stripload,x,float,:math:`m`,:math:`m`,,,False,,Horizontal offset from the leftmost corner of the strip footing (:math:`x`) [:math:`m`]
groundhog.shallowfoundations.stressdistribution,stresses_stripload,width,float,:math:`m`,:math:`m`,0.0,10000.0,False,,Width of the strip footing (:math:`B`) [:math:`m`] - Suggested range: width >= 0.0
groundhog.shallowfoundations.stressdistribution,stresses_stripload,imposedstress,float,:math:`kN/m^2`,:math:`kN/m^2`,0.0,100000000.0,False,,Maximum value of the imposed force per unit area (:math:`q_s`) [:math:`kN/m^2`]
groundhog.shallowfoundations.stressdistribution,stresses_stripload,triangular,bool,\alpha + \sin \alpha \cos \left( \alpha + 2 \beta \right) \right,\alpha + \sin \alpha \cos \left( \alpha + 2 \beta \right) \right,,,False,False,"Boolean determining whether a triangular load pattern is applied (optional, default= False)  .. math::     R_1 = \sqrt{x^2 + z^2}      R_2 = \sqrt{(x - B)^2 + z^2}      \cos \left(\alpha + \beta \right) = z / R_1      \cos \beta = z / R_2      \text{Uniform load}      \Delta \sigma_z = \frac{q_s}{\pi} \left[ \alpha + \sin \alpha \cos \left( \alpha + 2 \beta \right) \right]      \Delta \sigma_x = \frac{q_s}{\pi} \left[ \alpha - \sin \alpha \cos \left( \alpha + 2 \beta \right) \right]      \Delta \tau_{zx} = \frac{q_s}{\pi} \left[ \sin \alpha \sin \left( \alpha + 2 \beta \right) \right]      \text{Triangular load}      \Delta \sigma_z = \frac{q_s}{\pi} \left( \frac{x}{B} \alpha - \frac{1}{2} \sin 2 \beta \right)      \Delta \sigma_x = \frac{q_s}{\pi} \left( \frac{x}{B} \alpha - \frac{z}{B} \ln \frac{R_1^2}{R_2^2} + \frac{1}{2} \sin 2 \beta \right)      \Delta \tau_zx = \frac{q_s}{2 \pi} \left( 1 + \cos 2 \beta - 2 \frac{z}{B} \alpha \right)"
classification.categories,su_categories,undrained_shear_strength,float,kPa,kPa,0.0,1.0,True,,"Undrained shear strength of the cohesive sample (<span class=""math-inline"">S_u</span>) [<span class=""math-inline"">kPa</span>] - Suggested range: 0.0 <= undrained_shear_strength <= 1000.0"
classification.categories,su_categories,standard,string,-,-,,,False,BS 5930:2015,"Standard used for the classification (optional, default= 'BS 5930:2015') - Options: ('BS 5930:2015', 'ASTM D-2488')"
labtesting.samplepreparation,undercompaction_cohesionless_ladd,sample_height,float,m,m,0.0,10000.0,True,,"Total height of the sample (<span class=""math-inline"">H_0</span>) [<span class=""math-inline"">m</span>] - Suggested range: 0.0 <= sample_height <= 1.0"
labtesting.samplepreparation,undercompaction_cohesionless_ladd,no_layers,float,-,-,,,True,,"Number of layers for the sample (<span class=""math-inline"">N</span>) [<span class=""math-inline"">-</span>] - Suggested range: 1.0 <= no_layers <= 10.0"
labtesting.samplepreparation,undercompaction_cohesionless_ladd,undercompaction_deepest,float,pct,pct,,,True,,"Chosen undercompaction degree of the deepest layer (<span class=""math-inline"">U_1</span>) [<span class=""math-inline"">pct</span>] - Suggested range: 0.0 <= undercompaction_deepest <= 10.0"
labtesting.samplepreparation,undercompaction_cohesionless_ladd,undercompaction_shallowest,float,pct,pct,,,False,0,"Chosen undercompaction degree of the shallowest layer (<span class=""math-inline"">U_N</span>) [<span class=""math-inline"">pct</span>] (default=0pct) - Suggested range: 0.0 <= undercompaction_deepest <= 10.0"
insitutests.pcpt_correlations,undrainedshearstrength_clay_radlunne,qnet,float,MPa,MPa,,,True,,"Net cone resistance (corrected for area ratio and total stress at the depth of the cone) (<span class=""math-inline"">q_{net}</span>) [<span class=""math-inline"">MPa</span>] - Suggested range: 0.0 <= qnet <= 120.0"
insitutests.pcpt_correlations,undrainedshearstrength_clay_radlunne,Nk,float,-,-,,,True,,"Empirical factor (<span class=""math-inline"">N_k</span>) [<span class=""math-inline"">-</span>] - Suggested range: 8.0 <= Nk <= 30.0"
insitutests.spt_correlations,undrainedshearstrength_spt_salgado,pi,float,pct,pct,,,True,,"Plasticity index (difference between liquid and plastic limit) (<span class=""math-inline"">PI</span>) [<span class=""math-inline"">pct</span>] - Suggested range: 15.0 <= plasticity_index <= 60.0"
insitutests.spt_correlations,undrainedshearstrength_spt_salgado,N_60,float,-,-,,,True,,"SPT number corrected to 60% energy ratio (<span class=""math-inline"">N_{60}</span>) [<span class=""math-inline"">-</span>] - Suggested range: 0.0 <= N_60 <= 100.0"
insitutests.spt_correlations,undrainedshearstrength_spt_salgado,atmospheric_pressure,float,kPa,kPa,0.0,100000000.0,False,100.0,"Atmospheric pressure (<span class=""math-inline"">P_a</span>) [<span class=""math-inline"">kPa</span>] - Suggested range: 90.0 <= atmospheric_pressure <= 110.0 (optional, default= 100.0)"
insitutests.spt_correlations,undrainedshearstrength_spt_salgado,alpha_prime_override,float,-,-,,,False,nan,"Override for direct specification of the alpha prime factor (<span class=""math-inline"">\alpha^{\prime}</span>) [<span class=""math-inline"">-</span>] - Suggested range: alpha_prime_override >= 0.0 (optional, default= np.nan)"
insitutests.spt_correlations,undrainedshearstrengthclass_spt_terzaghipeck,N,float,-,-,,,True,,"Uncorrected SPT N number (<span class=""math-inline"">N</span>) [-] - Suggested range: 0.0 <= N <= 60.0"
groundhog.deepfoundations.axialcapacity.endbearing,unitendbearing_clay_almhamre,qt,float,:math:`MPa`,:math:`MPa`,,,False,,Total cone resistance (:math:`q_t`) [:math:`MPa`] - Suggested range: 0.0 <= qt <= 120.0
groundhog.deepfoundations.axialcapacity.endbearing,unitendbearing_clay_almhamre,multiplier,float,:math:`-`,:math:`-`,,,False,0.6,"Multipier for unit end bearing (:math:``) [:math:`-`] (optional, default= 0.6)  .. math::     q_{b,clay} = 0.6 \cdot q_t"
groundhog.deepfoundations.axialcapacity.endbearing,unitendbearing_sand_almhamre,qt,float,:math:`MPa`,:math:`MPa`,,,False,,Total cone resistance (:math:`q_t`) [:math:`MPa`] - Suggested range: 0.0 <= qt <= 120.0
groundhog.deepfoundations.axialcapacity.endbearing,unitendbearing_sand_almhamre,sigma_vo_eff,float,:math:`kPa`,:math:`kPa`,,,False,,Vertical effective stress (:math:`\sigma_{vo}^{\prime}`) [:math:`kPa`] - Suggested range: sigma_vo_eff >= 0.0
groundhog.deepfoundations.axialcapacity.endbearing,unitendbearing_sand_almhamre,multiplier,float,:math:`-`,:math:`-`,,,False,0.15,"Multipier for unit end bearing (:math:``) [:math:`-`] (optional, default= 0.15)"
groundhog.deepfoundations.axialcapacity.endbearing,unitendbearing_sand_almhamre,exponent,float,:math:`-`,:math:`-`,,,False,0.2,"Exponent for unit end bearing (:math:``) [:math:`-`] (optional, default= 0.2)  .. math::     q_{b,sand} = 0.15 \cdot q_t \cdot \left( \frac{q_t}{\sigma_{vo}^{\prime}} \right)^{0.2}"
groundhog.deepfoundations.axialcapacity.skinfriction,unitskinfriction_clay_almhamre,depth,float,:math:`m`,:math:`m`,0.0,10000.0,False,,Depth at which the unit skin friction is calculated (:math:`z`) [:math:`m`] - Suggested range: depth >= 0.0
groundhog.deepfoundations.axialcapacity.skinfriction,unitskinfriction_clay_almhamre,embedded_length,float,:math:`m`,:math:`m`,0.0,10000.0,False,,Pile tip depth below mudline (:math:`z_{tip}`) [:math:`m`] - Suggested range: embedded_length >= 0.0
groundhog.deepfoundations.axialcapacity.skinfriction,unitskinfriction_clay_almhamre,qt,float,:math:`MPa`,:math:`MPa`,,,False,,Total cone resistance (:math:`q_t`) [:math:`MPa`] - Suggested range: 0.0 <= qt <= 120.0
groundhog.deepfoundations.axialcapacity.skinfriction,unitskinfriction_clay_almhamre,fs,float,:math:`MPa`,:math:`MPa`,,,False,,"Sleeve friction from the CPT (:math:`f_{s,CPT}`) [:math:`MPa`] - Suggested range: sleeve_friction >= 0.0"
groundhog.deepfoundations.axialcapacity.skinfriction,unitskinfriction_clay_almhamre,sigma_vo_eff,float,:math:`kPa`,:math:`kPa`,,,False,,Vertical effective stress (:math:`\\sigma_{vo}^{\\prime}`) [:math:`kPa`] - Suggested range: sigma_vo_eff >= 0.0
groundhog.deepfoundations.axialcapacity.skinfriction,unitskinfriction_clay_almhamre,shape_factor_multiplier,float,:math:`-`,:math:`-`,,,False,80.0,"Factor by which to divide for the shape factor k (:math:``) [:math:`-`] (optional, default= 80.0)"
groundhog.deepfoundations.axialcapacity.skinfriction,unitskinfriction_clay_almhamre,multiplier_fsres_1,float,:math:`-`,:math:`-`,,,False,0.004,"First multiplier on residual skin friction (:math:``) [:math:`-`] (optional, default= 0.004)"
groundhog.deepfoundations.axialcapacity.skinfriction,unitskinfriction_clay_almhamre,multiplier_fsres_2,float,:math:`-`,:math:`-`,,,False,0.0025,"Second multiplier on residual skin friction (:math:``) [:math:`-`] (optional, default= 0.0025)"
groundhog.deepfoundations.axialcapacity.skinfriction,unitskinfriction_clay_almhamre,multiplier_fs_initial,float,:math:`-`,:math:`-`,,,False,1.0,"Multiplier on initial unit skin friction (:math:``) [:math:`-`] (optional, default= 1.0)"
groundhog.deepfoundations.axialcapacity.skinfriction,unitskinfriction_clay_almhamre,multiplier_outside,float,:math:`-`,:math:`-`,,,False,1.0,"Multiplier on calculated unit skin friction to obtain outside unit skin friction (default is 50%) (:math:``) [:math:`-`] (optional, default= 1.0)"
groundhog.deepfoundations.axialcapacity.skinfriction,unitskinfriction_clay_almhamre,multiplier_inside,float,:math:`-`,:math:`-`,,,False,1.0,"Multiplier on calculated unit skin friction to obtain inside unit skin friction (default is 50%) (:math:``) [:math:`-`] (optional, default= 1.0)  .. math::     f_s = f_{s,res} + (f_{s,i} - f_{s,res}) \cdot e^{k \cdot (z-z_{tip})}      k = \frac{\sqrt{q_t / \sigma_{vo}^{\prime}}}{80}      f_{s,i,clay} = f_{s,CPT}      f_{s,res,clay} = 0.004 \cdot q_t \cdot \left( 1 - 0.0025 \cdot \frac{q_t}{\sigma_{vo}^{\prime}} \right)      f_{s,out} = f_s      f_{s,in} = f_s"
groundhog.deepfoundations.axialcapacity.skinfriction,unitskinfriction_sand_almhamre,qt,float,:math:`MPa`,:math:`MPa`,,,False,,Total cone resistance (:math:`q_t`) [:math:`MPa`] - Suggested range: 0.0 <= qt <= 120.0
groundhog.deepfoundations.axialcapacity.skinfriction,unitskinfriction_sand_almhamre,sigma_vo_eff,float,:math:`kPa`,:math:`kPa`,,,False,,Vertical effective stress (:math:`\\sigma_vo^{\\prime}`) [:math:`kPa`] - Suggested range: sigma_vo_eff >= 0.0
groundhog.deepfoundations.axialcapacity.skinfriction,unitskinfriction_sand_almhamre,interface_friction_angle,float,:math:`deg`,:math:`deg`,0.0,60.0,False,,Interface friction angle for sand (ICP recommendations can be used in absence of other data) (:math:`\\delta`) [:math:`deg`] - Suggested range: 10.0 <= interface_friction_angle <= 50.0
groundhog.deepfoundations.axialcapacity.skinfriction,unitskinfriction_sand_almhamre,depth,float,:math:`m`,:math:`m`,0.0,10000.0,False,,Depth at which unit skin friction is calculated (:math:`z`) [:math:`m`] - Suggested range: depth >= 0.0
groundhog.deepfoundations.axialcapacity.skinfriction,unitskinfriction_sand_almhamre,embedded_length,float,:math:`m`,:math:`m`,0.0,10000.0,False,,Depth of the pile tip below mudline (:math:`z_{tip}`) [:math:`m`] - Suggested range: embedded_length >= 0.0
groundhog.deepfoundations.axialcapacity.skinfriction,unitskinfriction_sand_almhamre,shape_factor_multiplier,float,:math:`-`,:math:`-`,,,False,80.0,"Factor by which to divide for the shape factor k (:math:``) [:math:`-`] (optional, default= 80.0)"
groundhog.deepfoundations.axialcapacity.skinfriction,unitskinfriction_sand_almhamre,atmospheric_pressure,float,:math:`kPa`,:math:`kPa`,0.0,100000000.0,False,101.325,"Atmospheric pressure (:math:`P_a`) [:math:`kPa`] (optional, default= 101.325)"
groundhog.deepfoundations.axialcapacity.skinfriction,unitskinfriction_sand_almhamre,fsi_sand_multiplier,float,:math:`-`,:math:`-`,,,False,0.0132,"Multiplier for initial unit skin friction in sand (:math:``) [:math:`-`] (optional, default= 0.0132)"
groundhog.deepfoundations.axialcapacity.skinfriction,unitskinfriction_sand_almhamre,fsi_sand_exponent,float,:math:`-`,:math:`-`,,,False,0.13,"Exponent for initial unit skin friction in sand (:math:``) [:math:`-`] (optional, default= 0.13)"
groundhog.deepfoundations.axialcapacity.skinfriction,unitskinfriction_sand_almhamre,multiplier_fsres,float,:math:`-`,:math:`-`,,,False,0.2,"Multiplier on initial skin friction to obtain residual skin friction (:math:``) [:math:`-`] (optional, default= 0.2)"
groundhog.deepfoundations.axialcapacity.skinfriction,unitskinfriction_sand_almhamre,multiplier_outside,float,:math:`-`,:math:`-`,,,False,0.5,"Multiplier on calculated unit skin friction to obtain outside unit skin friction (default is 50%) (:math:``) [:math:`-`] (optional, default= 0.5)"
groundhog.deepfoundations.axialcapacity.skinfriction,unitskinfriction_sand_almhamre,multiplier_inside,float,:math:`-`,:math:`-`,,,False,0.5,"Multiplier on calculated unit skin friction to obtain inside unit skin friction (default is 50%) (:math:``) [:math:`-`] (optional, default= 0.5)  .. math::     f_s = f_{s,res} + (f_{s,i} - f_{s,res}) \cdot e^{k \cdot (z-z_{tip})}      k = \frac{\sqrt{q_t / \sigma_{vo}^{\prime}}}{80}      f_{s,i,sand} = 0.0132 \cdot q_t \cdot \left( \frac{\sigma_{vo}^{\prime}}{P_a} \right)^{0.13} \cdot \tan \delta      f_{s,res,sand} = 0.2 \cdot f_{s,i,sand}      f_{s,out} = 0.5 \cdot f_s      f_{s,in} = 0.5 \cdot f_s"
classification.phaserelations,unitweight_density,density,float,kg/m3,kg/m3,500.0,3000.0,True,,"Density of the sample (<span class=""math-inline"">\rho</span>) [kg/m3] - Suggested range: 0.0 <= density <= 3000.0"
classification.phaserelations,unitweight_density,g,float,m/s2,m/s2,,,False,9.81,"Acceleration due to gravity (<span class=""math-inline"">g</span>) [m/s2] - Suggested range: 9.7 <= g <= 11.0 (optional, default= 9.81)"
insitutests.pcpt_correlations,unitweight_mayne,ft,float,MPa,MPa,,,True,,"Total sleeve friction (<span class=""math-inline"">f_t</span>) [<span class=""math-inline"">MPa</span>] - Suggested range: 0.0 <= ft <= 10.0"
insitutests.pcpt_correlations,unitweight_mayne,sigma_vo_eff,float,kPa,kPa,,,True,,"Vertical effective stress (<span class=""math-inline"">\sigma_{vo}^{\prime}</span>) [<span class=""math-inline"">kPa</span>] - Suggested range: 0.0 <= sigma_vo_eff <= 500.0"
insitutests.pcpt_correlations,unitweight_mayne,unitweight_water,float,kN/m3,kN/m3,5.0,30.0,False,10.25,"Unit weight of water (<span class=""math-inline"">\gamma_w</span>) [<span class=""math-inline"">kN/m3</span>] - Suggested range: 9.0 <= unitweight_water <= 11.0 (optional, default= 10.25)"
insitutests.pcpt_correlations,unitweight_mayne,atmospheric_pressure,float,kPa,kPa,0.0,100000000.0,False,100.0,"Atmospheric pressure (<span class=""math-inline"">P_a</span>) [<span class=""math-inline"">kPa</span>] (optional, default= 100.0)"
insitutests.pcpt_correlations,unitweight_mayne,coefficient_1,float,-,-,,,False,1.95,"First coefficient in the calibrated equation (:math:``) [<span class=""math-inline"">-</span>] (optional, default= 1.95)"
insitutests.pcpt_correlations,unitweight_mayne,exponent_1,float,-,-,,,False,0.06,"First exponent in the calibrated equation (:math:``) [<span class=""math-inline"">-</span>] (optional, default= 0.06)"
insitutests.pcpt_correlations,unitweight_mayne,exponent_2,float,-,-,,,False,0.06,"Second exponent in the calibrated equation (:math:``) [<span class=""math-inline"">-</span>] (optional, default= 0.06)"
classification.phaserelations,unitweight_watercontent_saturated,water_content,float,-,-,,,True,,"Water content of the sample (<span class=""math-inline"">w</span>) [<span class=""math-inline"">-</span>] - Suggested range: 0.0 <= water_content <= 2.0"
classification.phaserelations,unitweight_watercontent_saturated,specific_gravity,float,-,-,,,False,2.65,"Specific gravity of the soil (<span class=""math-inline"">G_s</span>) [<span class=""math-inline"">-</span>] - Suggested range: 2.5 <= specific_gravity <= 2.8 (optional, default= 2.65)"
classification.phaserelations,unitweight_watercontent_saturated,gamma_w,float,kN/m3,kN/m3,5.0,30.0,False,10.0,"Unit weight of water (<span class=""math-inline"">\gamma_w</span>) [<span class=""math-inline"">kN/m3</span>] - Suggested range: 9.5 <= gamma_w <= 10.5 (optional, default= 10.0)"
classification.categories,uscs_categories,symbol,string,-,-,,,True,,Two character symbol for the soil type according to USCS
groundhog.general.validation,validate_boolean,var_name,float,-,-,,,False,,Var Name
groundhog.general.validation,validate_boolean,value,float,-,-,,,False,,Value
groundhog.general.validation,validate_float,var_name,float,-,-,,,False,,Var Name
groundhog.general.validation,validate_float,value,float,-,-,,,False,,Value
groundhog.general.validation,validate_float,min_value,float,-,-,,,True,,Min Value
groundhog.general.validation,validate_float,max_value,float,-,-,,,True,,Max Value
groundhog.general.validation,validate_integer,var_name,float,-,-,,,False,,Var Name
groundhog.general.validation,validate_integer,value,float,-,-,,,False,,Value
groundhog.general.validation,validate_integer,min_value,float,-,-,,,True,,Min Value
groundhog.general.validation,validate_integer,max_value,float,-,-,,,True,,Max Value
groundhog.general.validation,validate_list,var_name,float,-,-,,,False,,Var Name
groundhog.general.validation,validate_list,value,float,-,-,,,False,,Value
groundhog.general.validation,validate_list,elementtype,float,-,-,,,True,,Elementtype
groundhog.general.validation,validate_list,order,float,-,-,,,True,,Order
groundhog.general.validation,validate_list,unique,float,-,-,,,True,,Unique
groundhog.general.validation,validate_list,empty_allowed,float,-,-,,,True,,Empty Allowed
groundhog.general.validation,validate_string,var_name,float,-,-,,,False,,Var Name
groundhog.general.validation,validate_string,value,float,-,-,,,False,,Value
groundhog.general.validation,validate_string,options,float,-,-,,,True,,Options
groundhog.general.validation,validate_string,regex,float,-,-,,,True,,Regex
groundhog.shallowfoundations.capacity,verticalcapacity_drained_api,vertical_effective_stress,float,:math:`kPa`,:math:`kPa`,0.0,100000000.0,False,,Vertical effect stress at depth corresponding to foundation base (:math:`p_o^{\prime}`) [:math:`kPa`]  - Suggested range: 0.0<=vertical_effective_stress
groundhog.shallowfoundations.capacity,verticalcapacity_drained_api,effective_friction_angle,float,:math:`deg`,:math:`deg`,0.0,60.0,False,,Effective friction angle (for appropriate stress level at foundatoin base) (:math:`\phi^{\prime}`) [:math:`deg`]  - Suggested range: 20.0<=effective_friction_angle<=50.0
groundhog.shallowfoundations.capacity,verticalcapacity_drained_api,effective_unit_weight,float,:math:`kN/m3`,:math:`kN/m3`,,,False,,Effective unit weight at foundation base (:math:`\gamma^{\prime}`) [:math:`kN/m3`]  - Suggested range: 3.0<=effective_unit_weight<=12.0
groundhog.shallowfoundations.capacity,verticalcapacity_drained_api,effective_length,float,:math:`m`,:math:`m`,0.0,10000.0,False,,Effective length of the footing (:math:`L^{\prime}`) [:math:`m`]  - Suggested range: 0.0<=effective_length
groundhog.shallowfoundations.capacity,verticalcapacity_drained_api,effective_width,float,:math:`m`,:math:`m`,0.0,10000.0,False,,Minimum effective lateral dimension (:math:`B^{\prime}`) [:math:`m`]  - Suggested range: 0.0<=effective_width
groundhog.shallowfoundations.capacity,verticalcapacity_drained_api,base_depth,float,:math:`m`,:math:`m`,0.0,10000.0,False,0.0,"Depth of the foundation base (:math:`D`) [:math:`m`] (optional, default=0.0) - Suggested range: 0.0<=base_depth"
groundhog.shallowfoundations.capacity,verticalcapacity_drained_api,skirted,bool,:math:`deg`,:math:`deg`,,,False,True,"Determines whether a foundation is skirted or base-embedded without skirts (optional, default=True)"
groundhog.shallowfoundations.capacity,verticalcapacity_drained_api,load_inclination,float,:math:`deg`,:math:`deg`,,,False,0.0,"Inclination of the load taking into account horizontal load on effective area of base only (:math:`H^{\prime}`) [:math:`deg`] (optional, default=0.0) - Suggested range: 0.0<=load_inclination"
groundhog.shallowfoundations.capacity,verticalcapacity_drained_api,foundation_inclination,float,:math:`deg`,:math:`deg`,,,False,0.0,"Foundation inclination as defined in figure (:math:`\nu`) [:math:`deg`] (optional, default=0.0) - Suggested range: -90.0<=foundation_inclination<=90.0"
groundhog.shallowfoundations.capacity,verticalcapacity_drained_api,ground_surface_inclination,float,:math:`deg`,:math:`deg`,0.0,100000000.0,False,0.0,"Ground surface inclination as defined in figure  (:math:`\beta`) [:math:`deg`] (optional, default=0.0) - Suggested range: -90.0<=ground_surface_inclination<=90.0  .. math::     q_u = p_o^{\prime} (N_q - 1) K_q + 0.5 \gamma^{\prime} B^{\prime} N_{\gamma} K_{\gamma}      Q_d^{\prime} = \left[ p_o^{\prime} (N_q - 1) K_q + 0.5 \gamma^{\prime} B^{\prime} N_{\gamma} K_{\gamma} \right] A^{\prime}      \text{Use }  N_q \text{ instead of } (N_q - 1) \text{ for non-skirted, base embedded foundations}      N_q = \exp \left [ \pi \tan \phi^{\prime} \right ] (\tan^2 (45^{\circ} + \phi^{\prime}/2))      N_{\gamma} = 1.5 \left ( N_q - 1 \right) \tan \phi^{\prime}      K_q = i_q \cdot s_q \cdot d_q \cdot b_q \cdot g_q      K_{\gamma} = i_{\gamma} \cdot s_{\gamma} \cdot d_{\gamma} \cdot b_{\gamma} \cdot g_{\gamma}      i_q = \left [ 1 -0.5 (H/Q) \right]^5      i_{\gamma} = \left[ 1-0.7 (H/Q) \right]^5      s_q = 1+i_q ( B^{\prime} / L^{\prime} ) \sin \phi^{\prime}      s_{\gamma} = 1 - 0.4 i_{\gamma} ( B^{\prime} / L^{\prime} )      d_q = 1 + 1.2 (D/B^{\prime}) \tan \phi^{\prime} (1 - \sin \phi^{\prime})^2      d_{\gamma} = 1      b_q = e^{-2 \nu \tan \phi^{\prime}}      b_{\gamma} = e^{-2.7 \nu \tan \phi^{\prime}}      g_q = g_{\gamma} = (1 - 0.5 \tan \beta)^5"
groundhog.shallowfoundations.capacity,verticalcapacity_undrained_api,effective_length,float,:math:`m`,:math:`m`,0.0,10000.0,False,,Effective length of the foundation (:math:`L^{\prime}`) [:math:`m`]  - Suggested range: 0.0<=effective_length
groundhog.shallowfoundations.capacity,verticalcapacity_undrained_api,effective_width,float,:math:`m`,:math:`m`,0.0,10000.0,False,,Minimum effective lateral dimension (:math:`B^{\prime}`) [:math:`m`]  - Suggested range: 0.0<=effective_width
groundhog.shallowfoundations.capacity,verticalcapacity_undrained_api,su_base,float,:math:`kPa`,:math:`kPa`,0.0,100000000.0,False,,Undrained shear strength at foundation base level (:math:`S_{uo}`) [:math:`kPa`]  - Suggested range: 0.0<=su_base
groundhog.shallowfoundations.capacity,verticalcapacity_undrained_api,su_increase,float,:math:`kPa/m`,:math:`kPa/m`,0.0,100000000.0,False,0.0,"Linear increase in undrained shear strength (:math:`\kappa`) [:math:`kPa/m`] (optional, default=0.0) - Suggested range: 0.0<=su_increase"
groundhog.shallowfoundations.capacity,verticalcapacity_undrained_api,su_above_base,float,:math:`kPa`,:math:`kPa`,0.0,100000000.0,False,nan,"Average undrained shear strength above base level (:math:`s_{u,ave}`) [:math:`kPa`] (optional, default=np.nan) - Suggested range: 0.0<=su_above_base"
groundhog.shallowfoundations.capacity,verticalcapacity_undrained_api,base_depth,float,:math:`m`,:math:`m`,0.0,10000.0,False,0.0,"Depth to the base of the foundation (:math:`D`) [:math:`m`] (optional, default=0.0) - Suggested range: 0.0<=base_depth"
groundhog.shallowfoundations.capacity,verticalcapacity_undrained_api,skirted,bool,:math:`kPa`,:math:`kPa`,,,False,True,"Determines whether a foundation is skirted or base-embedded without skirts (optional, default=True)"
groundhog.shallowfoundations.capacity,verticalcapacity_undrained_api,base_sigma_v,float,:math:`kPa`,:math:`kPa`,,,False,0.0,"Vertical total stress at base level. Only used for non-skirted base-embedded foundations (:math:`\sigma_{vo}`) [:math:`kPa`] (optional, default=0.0)"
groundhog.shallowfoundations.capacity,verticalcapacity_undrained_api,roughness,float,:math:`-`,:math:`-`,,,False,0.67,"Value for roughness (0.0 for fully smooth, 1.0 for fully rough) (:math:`-`) [:math:`-`] (optional, default=0.67) - Suggested range: 0.0<=roughness<=1.0"
groundhog.shallowfoundations.capacity,verticalcapacity_undrained_api,horizontal_load,float,:math:`kN`,:math:`kN`,0.0,10000.0,False,0.0,"Horizontal load acting on effective area of foundation (:math:`H^{\prime}`) [:math:`kN`] (optional, default=0.0) - Suggested range: 0.0<=horizontal_load"
groundhog.shallowfoundations.capacity,verticalcapacity_undrained_api,foundation_inclination,float,:math:`deg`,:math:`deg`,,,False,0.0,"Foundation inclination as defined in figure (:math:`\nu`) [:math:`deg`] (optional, default=0.0) - Suggested range: -90.0<=foundation_inclination<=90.0"
groundhog.shallowfoundations.capacity,verticalcapacity_undrained_api,ground_surface_inclination,float,:math:`deg`,:math:`deg`,0.0,100000000.0,False,0.0,"Ground surface inclination as defined in figure (:math:`\beta`) [:math:`deg`] (optional, default=0.0) - Suggested range: -90.0<=ground_surface_inclination<=90.0"
groundhog.shallowfoundations.capacity,verticalcapacity_undrained_api,bearing_capacity_factor,float,:math:`-`,:math:`-`,,,False,5.14,"Bearing capacity factor (:math:`N_c`) [:math:`-`] (optional, default=5.14) - Suggested range: 3.0<=bearing_capacity_factor<=12.0"
groundhog.shallowfoundations.capacity,verticalcapacity_undrained_api,factor_f_override,float,:math:`-`,:math:`-`,,,False,nan,"Direct specification of the factor F (:math:`F`) [:math:`-`] (optional, default=np.nan) - Suggested range: 0.0<=factor_f_override<=2.0  .. math::      q_u = s_u \cdot N_c \cdot K_c \quad \text{ (constant)}      q_u = F \cdot \left( s_{uo} \cdot N_c + \frac{\kappa \cdot B^{\prime}}{4} \right) \cdot K_c  \quad \text{ (linearly increasing) }      Q_d = (s_u \cdot N_c \cdot K_c + \sigma_{vo}) \cdot A^{\prime} \quad \text{ (constant)}      Q_d = \left[ F \cdot \left( s_{uo} \cdot N_c + \frac{\kappa \cdot B^{\prime}}{4} \right) \cdot K_c + \sigma_{vo} \right] \cdot A^{\prime}  \quad \text{ (linearly increasing) }      \text{Exclude the }  \sigma_{vo} \text{ term for skirted foundations}      K_c = 1 + s_c + d_c  - i_c - b_c - g_c      \text{Correction factors constant undrained shear strength}      s_c = 0.18 \cdot (1 - 2 \cdot i_c) \cdot (B^{\prime} / L^{\prime})      d_c = 0.3 \cdot \arctan ( D / B^{\prime})      i_c = 0.5 - 0.5 \cdot [1 - H^{\prime} / (A^{\prime} \cdot s_u)]^{0.5}      b_c = 2 \cdot \nu / (\pi + 2) \approx 0.4 \cdot \nu      g_c = 2 \cdot \beta / (\pi + 2) \approx 0.4 \cdot \beta      \text{Correction factors linearly increasing undrained shear strength}      F \approx a + b \cdot x - ((c + b \cdot x)^2 + d^2)^{0.5}      x = \frac{\kappa \cdot B^{\prime}}{s_{uo}}      s_c = s_{cv} (1 - 2 \cdot i_c) (B^{\prime} / L^{\prime})      d_c = 0.3 \cdot (s_{u,ave} / s_{u,2}) \cdot \arctan( D / B^{\prime})      s_{u,2} = F \cdot (N_c \cdot s_{uo} + \kappa \cdot B^{\prime} / 4) / N_c      i_c = 0.5 - 0.5 \cdot [1 -H^{\prime}/(A^{\prime} \cdot s_u)]^{0.5}      b_c = 2 \cdot \nu / (\pi + 2) \approx 0.4 \cdot \nu      g_c = 2 \cdot \beta / (\pi + 2) \approx 0.4 \cdot \beta      \text{Correction for horizontal load}      H^{\prime} = H_{total} - H_{d,outside} / \gamma_{sliding} - \Delta H / \gamma_{sliding}"
classification.phaserelations,voidratio_bulkunitweight,bulkunitweight,float,kN/m3,kN/m3,5.0,30.0,True,,"The bulk unit weight of the soil (ratio of weight of water and solids to volume) (<span class=""math-inline"">\gamma</span>) [<span class=""math-inline"">kN/m3</span>] - Suggested range: 10.0 <= bulkunitweight <= 25.0"
classification.phaserelations,voidratio_bulkunitweight,saturation,float,-,-,0.0,1.0,False,1.0,"Saturation of the soil as a number between 0 (dry) and fully saturated (1) (<span class=""math-inline"">S</span>) [<span class=""math-inline"">-</span>] - Suggested range: 0.0 <= saturation <= 1.0 (optional, default= 1.0)"
classification.phaserelations,voidratio_bulkunitweight,specific_gravity,float,-,-,,,False,2.65,"Specific gravity or the ratio of the weight of soil solids to the weight of an equal volume of water (<span class=""math-inline"">G_s</span>) [<span class=""math-inline"">-</span>] - Suggested range: 2.4 <= specific_gravity <= 2.9 (optional, default= 2.65)"
classification.phaserelations,voidratio_bulkunitweight,unitweight_water,float,kN/m3,kN/m3,5.0,30.0,False,10.0,"Unit weight of water (<span class=""math-inline"">\gamma_w</span>) [<span class=""math-inline"">kN/m3</span>] - Suggested range: 9.0 <= unitweight_water <= 11.0 (optional, default= 10.0)"
classification.phaserelations,voidratio_drydensity,dry_density,float,kg/m3,kg/m3,500.0,3000.0,True,,"Dry density of the sample (<span class=""math-inline"">\rho_d</span>) [kg/m3] - Suggested range: 1000.0 <= dry_density <= 2000.0"
classification.phaserelations,voidratio_drydensity,specific_gravity,float,-,-,,,False,2.65,"Specific gravity (<span class=""math-inline"">G_s</span>) [-] - Suggested range: 2.4 <= specific_gravity <= 2.9 (optional, default= 2.65)"
classification.phaserelations,voidratio_drydensity,water_density,float,kg/m3,kg/m3,500.0,3000.0,False,1000.0,"Density of water (<span class=""math-inline"">\rho_w</span>) [kg/m3] - Suggested range: 900.0 <= water_density <= 1100.0 (optional, default= 1000.0)"
classification.phaserelations,voidratio_porosity,porosity,float,-,-,,,True,,"Porosity of the sample defined as the ratio of volume of voids to total volume (<span class=""math-inline"">n</span>) [<span class=""math-inline"">-</span>] - Suggested range: 0.0 <= porosity <= 1.0"
classification.phaserelations,voidratio_watercontent,water_content,float,-,-,,,True,,"Water content of the sample (<span class=""math-inline"">w</span>) [-] - Suggested range: 0.0 <= water_content <= 2.0"
classification.phaserelations,voidratio_watercontent,saturation,float,-,-,0.0,1.0,False,1.0,"Saturation of the sample (<span class=""math-inline"">S</span>) [-] - Suggested range: 0.0 <= saturation <= 1.0 (optional, default= 1.0)"
classification.phaserelations,voidratio_watercontent,specific_gravity,float,-,-,,,False,2.65,"Specific gravity of the sample (<span class=""math-inline"">G_s</span>) [-] - Suggested range: 2.3 <= specific_gravity <= 3.0 (optional, default= 2.65)"
insitutests.pcpt_correlations,vs_cpt_andrus,qt,float,MPa,MPa,,,True,,"Corrected cone tip resistance (note that formula is based on qt in kPa) (<span class=""math-inline"">q_t</span>) [<span class=""math-inline"">MPa</span>] - Suggested range: 0.0 <= qt <= 100.0"
insitutests.pcpt_correlations,vs_cpt_andrus,depth,float,m,m,0.0,10000.0,True,,"Depth below mudline (<span class=""math-inline"">z</span>) [<span class=""math-inline"">m</span>] - Suggested range: 0.0 <= depth <= 100.0"
insitutests.pcpt_correlations,vs_cpt_andrus,ic,float,-,-,,,True,,"Soil behaviour type index (<span class=""math-inline"">I_c</span>) [<span class=""math-inline"">-</span>] - Suggested range: 1.0 <= ic <= 5.0"
insitutests.pcpt_correlations,vs_cpt_andrus,SF,float,-,-,,,False,1.0,"Scaling factor. In case of Holocene soils, this is an age scaling factor (<span class=""math-inline"">SF, ASF</span>) [<span class=""math-inline"">-</span>] - Suggested range: 1.0 <= SF <= 3.0 (optional, default= 1.0)"
insitutests.pcpt_correlations,vs_cpt_andrus,age,string,:math:`-`,:math:`-`,,,False,Holocene,"Age of soils (optional, default= 'Holocene') - Options: ('Holocene', 'Pleistocene', 'Tertiary')"
insitutests.pcpt_correlations,vs_cpt_andrus,holocene_multiplier,float,-,-,,,False,2.27,"Multiplier on holocene equation (:math:``) [<span class=""math-inline"">-</span>] (optional, default= 2.27)"
insitutests.pcpt_correlations,vs_cpt_andrus,holocene_qt_exponent,float,-,-,,,False,0.412,"Exponent on qt in holocene equation (:math:``) [<span class=""math-inline"">-</span>] (optional, default= 0.412)"
insitutests.pcpt_correlations,vs_cpt_andrus,holocene_ic_exponent,float,-,-,,,False,0.989,"Exponent on Ic in holocene equation (:math:``) [<span class=""math-inline"">-</span>] (optional, default= 0.989)"
insitutests.pcpt_correlations,vs_cpt_andrus,holocene_z_exponent,float,-,-,0.0,10000.0,False,0.033,"Exponent on depth in holocene equation (:math:``) [<span class=""math-inline"">-</span>] (optional, default= 0.033)"
insitutests.pcpt_correlations,vs_cpt_andrus,pleistocene_multiplier,float,-,-,,,False,2.62,"Multiplier on pleistocene equation (:math:``) [<span class=""math-inline"">-</span>] (optional, default= 2.62)"
insitutests.pcpt_correlations,vs_cpt_andrus,pleistocene_qt_exponent,float,-,-,,,False,0.395,"Exponent on qt in pleistocene equation (:math:``) [<span class=""math-inline"">-</span>] (optional, default= 0.395)"
insitutests.pcpt_correlations,vs_cpt_andrus,pleistocene_ic_exponent,float,-,-,,,False,0.912,"Exponent on Ic in pleistocene equation (:math:``) [<span class=""math-inline"">-</span>] (optional, default= 0.912)"
insitutests.pcpt_correlations,vs_cpt_andrus,pleistocene_z_exponent,float,-,-,0.0,10000.0,False,0.124,"Exponent on depth in pleistocene equation (:math:``) [<span class=""math-inline"">-</span>] (optional, default= 0.124)"
insitutests.pcpt_correlations,vs_cpt_andrus,tertiary_multiplier,float,-,-,,,False,13.0,"Multiplier on tertiary equation (:math:``) [<span class=""math-inline"">-</span>] (optional, default= 13.0)"
insitutests.pcpt_correlations,vs_cpt_andrus,tertiary_qt_exponent,float,-,-,,,False,0.382,"Exponent on qt in tertiary equation (:math:``) [<span class=""math-inline"">-</span>] (optional, default= 0.382)"
insitutests.pcpt_correlations,vs_cpt_andrus,tertiary_z_exponent,float,-,-,0.0,10000.0,False,0.099,"Exponent on depth in tertiary equation (:math:``) [<span class=""math-inline"">-</span>] (optional, default= 0.099)"
insitutests.pcpt_correlations,vs_cpt_hegazymayne,qt,float,MPa,MPa,,,True,,"Corrected cone tip resistance (<span class=""math-inline"">q_t</span>) [<span class=""math-inline"">MPa</span>] - Suggested range: 0.0 <= qt <= 100.0"
insitutests.pcpt_correlations,vs_cpt_hegazymayne,fs,float,MPa,MPa,,,True,,"Sleeve friction (<span class=""math-inline"">f_s</span>) [<span class=""math-inline"">MPa</span>] - Suggested range: 0.0 <= fs <= 10.0"
insitutests.pcpt_correlations,vs_cpt_hegazymayne,sigma_vo_eff,float,kPa,kPa,,,True,,"Vertical effective stress (<span class=""math-inline"">\sigma_{vo}^{\prime}</span>) [<span class=""math-inline"">kPa</span>] - Suggested range: 0.0 <= sigma_vo_eff <= 1000.0"
insitutests.pcpt_correlations,vs_cpt_hegazymayne,sigma_vo,float,kPa,kPa,,,True,,"Vertical total stress (<span class=""math-inline"">\sigma_{vo}</span>) [<span class=""math-inline"">kPa</span>] - Suggested range: 0.0 <= sigma_vo <= 2000.0"
insitutests.pcpt_correlations,vs_cpt_hegazymayne,atmospheric_pressure,float,kPa,kPa,0.0,100000000.0,False,100.0,"Atmospheric pressure (<span class=""math-inline"">P_a</span>) [<span class=""math-inline"">kPa</span>] (optional, default= 100.0)"
insitutests.pcpt_correlations,vs_cpt_hegazymayne,zhang,boolean,:math:`-`,:math:`-`,0.0,10000.0,False,True,"Boolean determining whether the Zhang exponent (default groundhog implementation) needs to be used (optional, default= True)"
insitutests.pcpt_correlations,vs_cpt_hegazymayne,multiplier,float,-,-,,,False,0.0831,"Multiplier in Equation 6 (:math:``) [<span class=""math-inline"">-</span>] (optional, default= 0.0831)"
insitutests.pcpt_correlations,vs_cpt_hegazymayne,exponent_stress,float,-,-,0.0,100000000.0,False,0.25,"Exponent on the normalised stresses (:math:``) [<span class=""math-inline"">-</span>] (optional, default= 0.25)"
insitutests.pcpt_correlations,vs_cpt_hegazymayne,multiplier_ic,float,-,-,,,False,1.786,"Multiplier on soil behaviour type index (:math:``) [<span class=""math-inline"">-</span>] (optional, default= 1.786)"
insitutests.pcpt_correlations,vs_cpt_longdonohue,qt,float,MPa,MPa,,,True,,"Corrected cone resistance (<span class=""math-inline"">q_t</span>) [<span class=""math-inline"">MPa</span>] - Suggested range: 0.0 <= qt <= 2.0"
insitutests.pcpt_correlations,vs_cpt_longdonohue,u2,float,MPa,MPa,,,True,,"Pore pressure at the shoulder (<span class=""math-inline"">u_2</span>) [<span class=""math-inline"">MPa</span>] - Suggested range: -1.0 <= u2 <= 1.0"
insitutests.pcpt_correlations,vs_cpt_longdonohue,u0,float,kPa,kPa,,,True,,"Hydrostatic pressure (<span class=""math-inline"">u_0</span>) [<span class=""math-inline"">kPa</span>] - Suggested range: 0.0 <= u0 <= 1000.0"
insitutests.pcpt_correlations,vs_cpt_longdonohue,Bq,float,-,-,,,True,,"Pore pressure ratio (<span class=""math-inline"">B_q</span>) [<span class=""math-inline"">-</span>] - Suggested range: -0.6 <= Bq <= 1.4"
insitutests.pcpt_correlations,vs_cpt_longdonohue,sigma_vo_eff,float,kPa,kPa,,,True,,"Vertical effective stress (<span class=""math-inline"">\sigma_{vo}^{\prime}</span>) [<span class=""math-inline"">kPa</span>] - Suggested range: 0.0 <= sigma_vo_eff <= 1000.0"
insitutests.pcpt_correlations,vs_cpt_longdonohue,atmospheric_pressure,float,kPa,kPa,0.0,100000000.0,False,100.0,"Atmospheric pressure (<span class=""math-inline"">P_a</span>) [<span class=""math-inline"">kPa</span>] (optional, default= 100.0)"
insitutests.pcpt_correlations,vs_cpt_longdonohue,multiplier,float,-,-,,,False,1.961,"Multiplier in expression for Vs (:math:``) [<span class=""math-inline"">-</span>] (optional, default= 1.961)"
insitutests.pcpt_correlations,vs_cpt_longdonohue,exponent_qt,float,-,-,,,False,0.579,"Exponent on qt (:math:``) [<span class=""math-inline"">-</span>] (optional, default= 0.579)"
insitutests.pcpt_correlations,vs_cpt_longdonohue,exponent_Bq,float,-,-,,,False,1.202,"Exponent on 1 + Bq (:math:``) [<span class=""math-inline"">-</span>] (optional, default= 1.202)"
insitutests.pcpt_correlations,vs_cpt_mcgannetal,qt,float,MPa,MPa,,,True,,"Corrected cone tip resistance (<span class=""math-inline"">q_t</span>) [<span class=""math-inline"">MPa</span>] - Suggested range: 0.0 <= qt <= 100.0"
insitutests.pcpt_correlations,vs_cpt_mcgannetal,fs,float,MPa,MPa,,,True,,"Sleeve friction (<span class=""math-inline"">f_s</span>) [<span class=""math-inline"">MPa</span>] - Suggested range: 0.0 <= fs <= 10.0"
insitutests.pcpt_correlations,vs_cpt_mcgannetal,depth,float,m,m,0.0,10000.0,True,,"Depth below ground surface (<span class=""math-inline"">z</span>) [<span class=""math-inline"">m</span>] - Suggested range: 0.0 <= depth <= 100.0"
insitutests.pcpt_correlations,vs_cpt_mcgannetal,coefficient1_general,float,-,-,,,False,18.4,"First calibration coefficient in general equation (:math:``) [<span class=""math-inline"">-</span>] (optional, default= 18.4)"
insitutests.pcpt_correlations,vs_cpt_mcgannetal,coefficient2_general,float,-,-,,,False,0.144,"Second calibration coefficient in general equation (:math:``) [<span class=""math-inline"">-</span>] (optional, default= 0.144)"
insitutests.pcpt_correlations,vs_cpt_mcgannetal,coefficient3_general,float,-,-,,,False,0.083,"Third calibration coefficient in general equation (:math:``) [<span class=""math-inline"">-</span>] (optional, default= 0.083)"
insitutests.pcpt_correlations,vs_cpt_mcgannetal,coefficient4_general,float,-,-,,,False,0.278,"Fourth calibration coefficient in general equation (:math:``) [<span class=""math-inline"">-</span>] (optional, default= 0.278)"
insitutests.pcpt_correlations,vs_cpt_mcgannetal,coefficient1_loess,float,-,-,,,False,103.6,"First calibration coefficient in loess equation (:math:``) [<span class=""math-inline"">-</span>] (optional, default= 103.6)"
insitutests.pcpt_correlations,vs_cpt_mcgannetal,coefficient2_loess,float,-,-,,,False,0.0074,"Second calibration coefficient in loess equation (:math:``) [<span class=""math-inline"">-</span>] (optional, default= 0.0074)"
insitutests.pcpt_correlations,vs_cpt_mcgannetal,coefficient3_loess,float,-,-,,,False,0.13,"Third calibration coefficient in loess equation (:math:``) [<span class=""math-inline"">-</span>] (optional, default= 0.13)"
insitutests.pcpt_correlations,vs_cpt_mcgannetal,coefficient4_loess,float,-,-,,,False,0.253,"Fourth calibration coefficient in loess equation (:math:``) [<span class=""math-inline"">-</span>] (optional, default= 0.253)"
insitutests.pcpt_correlations,vs_cpt_mcgannetal,loess,boolean,m/s,m/s,,,False,False,"Boolean determining whether the loess equation needs to be used (optional, default= False)"
insitutests.pcpt_correlations,vs_cpt_tonniandsimonini,qt,float,MPa,MPa,,,True,,"Corrected cone tip resistance (<span class=""math-inline"">q_t</span>) [<span class=""math-inline"">MPa</span>] - Suggested range: 0.0 <= qt <= 100.0"
insitutests.pcpt_correlations,vs_cpt_tonniandsimonini,ic,float,-,-,,,True,,"Soil behaviour type index (<span class=""math-inline"">I_c</span>) [<span class=""math-inline"">-</span>] - Suggested range: 1.0 <= ic <= 5.0"
insitutests.pcpt_correlations,vs_cpt_tonniandsimonini,sigma_vo,float,kPa,kPa,,,True,,"Total vertical stress (<span class=""math-inline"">\sigma_{vo}</span>) [<span class=""math-inline"">kPa</span>] - Suggested range: 0.0 <= sigma_vo <= 2000.0"
insitutests.pcpt_correlations,vs_cpt_tonniandsimonini,sigma_vo_eff,float,kPa,kPa,,,True,,"Vertical effective stress (<span class=""math-inline"">\sigma_{vo}^{\prime}</span>) [<span class=""math-inline"">kPa</span>] - Suggested range: 0.0 <= sigma_vo_eff <= 1000.0"
insitutests.pcpt_correlations,vs_cpt_tonniandsimonini,atmospheric_pressure,float,kPa,kPa,0.0,100000000.0,False,100.0,"Atmospheric pressure (<span class=""math-inline"">P_a</span>) [<span class=""math-inline"">kPa</span>] (optional, default= 100.0)"
insitutests.pcpt_correlations,vs_cpt_tonniandsimonini,coefficient_1,float,-,-,,,False,0.8,"Multiplier on Ic in Equation 12 (:math:``) [<span class=""math-inline"">-</span>] (optional, default= 0.8)"
insitutests.pcpt_correlations,vs_cpt_tonniandsimonini,coefficient_2,float,-,-,,,False,1.17,"Value after minus sign in Equation 12 (:math:``) [<span class=""math-inline"">-</span>] (optional, default= 1.17)"
insitutests.pcpt_correlations,vs_cpt_wrideetal,qc,float,MPa,MPa,0.0,100000000.0,True,,"Cone tip resistance (<span class=""math-inline"">q_c</span>) [<span class=""math-inline"">MPa</span>] - Suggested range: 0.0 <= qc <= 100.0"
insitutests.pcpt_correlations,vs_cpt_wrideetal,sigma_vo_eff,float,kPa,kPa,,,True,,"Vertical effective stress (<span class=""math-inline"">\sigma_{vo}^{\prime}</span>) [<span class=""math-inline"">kPa</span>] - Suggested range: 0.0 <= sigma_vo_eff <= 1000.0"
insitutests.pcpt_correlations,vs_cpt_wrideetal,atmospheric_pressure,float,kPa,kPa,0.0,100000000.0,False,100.0,"Atmospheric pressure (<span class=""math-inline"">P_a</span>) [<span class=""math-inline"">kPa</span>] (optional, default= 100.0)"
insitutests.pcpt_correlations,vs_cpt_wrideetal,multiplier,float,-,-,,,False,103.2,"Multiplier on corrected cone resistance (<span class=""math-inline"">Y</span>) [<span class=""math-inline"">-</span>] - Suggested range: 95.6 <= multiplier <= 110.8 (optional, default= 103.2)"
insitutests.pcpt_correlations,vs_cpt_wrideetal,exponent_qc1,float,-,-,0.0,100000000.0,False,0.25,"Exponent on stress-corrected cone resistance (:math:``) [<span class=""math-inline"">-</span>] - Suggested range: 0.23 <= exponent_qc1 <= 0.25 (optional, default= 0.25)"
insitutests.pcpt_correlations,vs_cptd50_karrayetal,qc,float,MPa,MPa,0.0,100000000.0,True,,"Cone tip resistance (<span class=""math-inline"">q_c</span>) [<span class=""math-inline"">MPa</span>] - Suggested range: 0.0 <= qc <= 100.0"
insitutests.pcpt_correlations,vs_cptd50_karrayetal,sigma_vo_eff,float,kPa,kPa,,,True,,"Vertical effective stress (<span class=""math-inline"">\sigma_{vo}^{\prime}</span>) [<span class=""math-inline"">kPa</span>] - Suggested range: 0.0 <= sigma_vo_eff <= 1000.0"
insitutests.pcpt_correlations,vs_cptd50_karrayetal,d50,float,mm,mm,,,True,,"Median grain size (<span class=""math-inline"">d_{50}</span>) [<span class=""math-inline"">mm</span>] - Suggested range: 0.1 <= d50 <= 10.0"
insitutests.pcpt_correlations,vs_cptd50_karrayetal,atmospheric_pressure,float,kPa,kPa,0.0,100000000.0,False,100.0,"Atmospheric pressure (<span class=""math-inline"">P_a</span>) [<span class=""math-inline"">kPa</span>] (optional, default= 100.0)"
insitutests.pcpt_correlations,vs_cptd50_karrayetal,exponent_vs1,float,-,-,,,False,0.25,"Exponent on stresses in Vs1 formula (:math:``) [<span class=""math-inline"">-</span>] (optional, default= 0.25)"
insitutests.pcpt_correlations,vs_cptd50_karrayetal,multiplier,float,-,-,,,False,125.5,"Multiplier in Equation 15 (:math:``) [<span class=""math-inline"">-</span>] (optional, default= 125.5)"
insitutests.pcpt_correlations,vs_cptd50_karrayetal,exponent_qc1,float,-,-,0.0,100000000.0,False,0.25,"Exponent on qc1 in Equation 15 (:math:``) [<span class=""math-inline"">-</span>] (optional, default= 0.25)"
insitutests.pcpt_correlations,vs_cptd50_karrayetal,exponent_d50,float,-,-,,,False,0.115,"Exponent on median grain size in Equation 15 (:math:``) [<span class=""math-inline"">-</span>] (optional, default= 0.115)"
insitutests.pcpt_correlations,vs_ic_robertsoncabal,qt,float,MPa,MPa,,,True,,"Total cone resistance (<span class=""math-inline"">q_t</span>) [<span class=""math-inline"">MPa</span>] - Suggested range: 0.0 <= qt <= 100.0"
insitutests.pcpt_correlations,vs_ic_robertsoncabal,ic,float,-,-,,,True,,"Soil behaviour type index according to Robertson and Wride (<span class=""math-inline"">I_c</span>) [<span class=""math-inline"">-</span>] - Suggested range: 1.0 <= ic <= 4.0"
insitutests.pcpt_correlations,vs_ic_robertsoncabal,sigma_vo,float,kPa,kPa,,,True,,"Total vertical stress (<span class=""math-inline"">sigma_{vo}</span>) [<span class=""math-inline"">kPa</span>] - Suggested range: 0.0 <= sigma_vo <= 800.0"
insitutests.pcpt_correlations,vs_ic_robertsoncabal,atmospheric_pressure,float,kPa,kPa,0.0,100000000.0,False,100.0,"Atmospheric pressure (<span class=""math-inline"">P_a</span>) [<span class=""math-inline"">kPa</span>] (optional, default= 100.0)"
insitutests.pcpt_correlations,vs_ic_robertsoncabal,gamma,float,kN/m3,kN/m3,5.0,30.0,False,19,"Bulk unit weight (<span class=""math-inline"">\gamma</span>) [<span class=""math-inline"">kN/m3</span>] - Suggested range: 12.0 <= gamma <= 22.0"
insitutests.pcpt_correlations,vs_ic_robertsoncabal,g,float,m/s2,m/s2,,,False,9.81,"Acceleration due to gravity (<span class=""math-inline"">g</span>) [<span class=""math-inline"">m/s2</span>] - Suggested range: 9.7 <= g <= 10.2 (optional, default= 9.81)"
insitutests.pcpt_correlations,vs_ic_robertsoncabal,exponent,float,-,-,,,False,0.5,"Exponent in equation for shear wave velocity (:math:``) [<span class=""math-inline"">-</span>] (optional, default= 0.5)"
insitutests.pcpt_correlations,vs_ic_robertsoncabal,calibration_coefficient_1,float,-,-,,,False,0.55,"First calibration coefficient in equation for alpha_s (:math:``) [<span class=""math-inline"">-</span>] (optional, default= 0.55)"
insitutests.pcpt_correlations,vs_ic_robertsoncabal,calibration_coefficient_2,float,-,-,,,False,1.68,"Second calibration coefficient in equation for alpha_s (:math:``) [<span class=""math-inline"">-</span>] (optional, default= 1.68)"
insitutests.pcpt_correlations,vs_stressdependent_stuyts,sigma_vo_eff,float,kPa,kPa,,,True,,"Vertical effective stress (<span class=""math-inline"">\sigma_{vo}^{\prime}</span>) [kPa] - Suggested range: 50.0 <= sigma_vo_eff <= 800.0"
insitutests.pcpt_correlations,vs_stressdependent_stuyts,ic,float,-,-,,,True,,"Soil behaviour type index (<span class=""math-inline"">I_c</span>) [-] - Suggested range: 1.0 <= ic <= 4.0"
insitutests.pcpt_correlations,vs_stressdependent_stuyts,a0,float,-,-,,,False,2.075,"Calibration coefficient 0 (<span class=""math-inline"">a_0</span>) [-] - Suggested range: 1.7 <= a0 <= 2.5 (optional, default= 2.075)"
insitutests.pcpt_correlations,vs_stressdependent_stuyts,a1,float,-,-,,,False,-0.213,"Calibration coefficient 1 (<span class=""math-inline"">a_1</span>) [-] - Suggested range: -0.5 <= a1 <= -0.05 (optional, default= -0.213)"
insitutests.pcpt_correlations,vs_stressdependent_stuyts,a2,float,-,-,,,False,0.77,"Calibration coefficient 2 (<span class=""math-inline"">a_2</span>) [-] - Suggested range: 0.5 <= a2 <= 1.0 (optional, default= 0.77)"
insitutests.pcpt_correlations,vs_stressdependent_stuyts,a3,float,-,-,,,False,-0.25,"Calibration coefficient 3 (<span class=""math-inline"">a_3</span>) [-] - Suggested range: -0.5 <= a3 <= -0.1 (optional, default= -0.25)"
classification.phaserelations,watercontent_voidratio,voidratio,float,-,-,0.05,5.0,True,,"Void ratio of the sample (<span class=""math-inline"">e</span>) [-] - Suggested range: voidratio >= 0.0"
classification.phaserelations,watercontent_voidratio,saturation,float,-,-,0.0,1.0,False,1.0,"Saturation of the sample (<span class=""math-inline"">S</span>) [-] - Suggested range: 0.0 <= saturation <= 1.0 (optional, default= 1.0)"
classification.phaserelations,watercontent_voidratio,specific_gravity,float,-,-,,,False,2.65,"Specific gravity (<span class=""math-inline"">G_s</span>) [-] - Suggested range: 2.4 <= specific_gravity <= 3.0 (optional, default= 2.65)"
insitutests.spt_correlations,youngsmodulus_spt_AASHTO,N1_60,float,-,-,,,True,,"Corrected SPT N number (<span class=""math-inline"">\left( N_1 \right)_{60}</span>) [-] - Suggested range: 0.0 <= N1_60 <= 60.0"
insitutests.spt_correlations,youngsmodulus_spt_AASHTO,soiltype,string,-,-,,,True,,"Soil type - Options: (""Silts"", ""Clean sands"", ""Coarse sands"", ""Gravels"")"
insitutests.spt_correlations,youngsmodulus_spt_AASHTO,multiplier_silts,float,-,-,,,False,0.4,"Multiplier on the silty soils (<span class=""math-inline"">-</span>) [-] (optional, default= 0.4)"
insitutests.spt_correlations,youngsmodulus_spt_AASHTO,multiplier_cleansand,float,-,-,,,False,0.7,"Multiplier on the clean find sands (<span class=""math-inline"">-</span>) [-] (optional, default= 0.7)"
insitutests.spt_correlations,youngsmodulus_spt_AASHTO,multiplier_coarsesand,float,-,-,,,False,1.0,"Multiplier on the coarse sands (<span class=""math-inline"">-</span>) [-] (optional, default= 1.0)"
insitutests.spt_correlations,youngsmodulus_spt_AASHTO,multiplier_gravel,float,-,-,,,False,1.1,"Multiplier on the gravels (<span class=""math-inline"">-</span>) [-] (optional, default= 1.1)"
